region,destination,year,tourism_type,tourists_thousands,overnight_stays_thousands,spending_sar_millions,avg_stay_nights,avg_spending_per_trip_sar,avg_spending_per_night_sar
Al-Baha,Al Bahah,2015,Domestic,947.0,7909.0,1016.0,8.4,1073.0,128.0
Al-Baha,Al Bahah,2016,Domestic,1148.0,9125.0,1269.0,8.0,1105.0,139.0
Al-Baha,Al Bahah,2017,Domestic,1035.0,6729.0,968.0,6.5,935.0,144.0
Al-Baha,Al Bahah,2018,Domestic,1073.0,7683.0,1180.0,7.2,1100.0,154.0
Al-Baha,Al Bahah,2019,Domestic,1231.0,8812.0,1364.0,7.2,1109.0,155.0
Al-Baha,Al Bahah,2020,Domestic,1245.0,8760.0,1259.0,7.0,1011.0,144.0
Al-Baha,Al Bahah,2021,Domestic,532.0,3371.0,586.0,6.3,1102.0,174.0
Al-Baha,Al Bahah,2022,Domestic,784.0,4622.0,749.0,5.9,955.0,162.0
Al-Baha,Al Bahah,2023,Domestic,785.0,5907.0,1003.0,7.5,1278.0,170.0
Al-Baha,Al Bahah,2024,Domestic,791.0,7108.0,844.0,9.0,1067.0,119.0
Al-Baha,Al Bahah,2015,Inbound,6.0,59.0,43.0,10.0,7029.0,727.0
Al-Baha,Al Bahah,2016,Inbound,1.0,2.0,0.4,3.0,720.0,240.0
Al-Baha,Al Bahah,2017,Inbound,0.0,0.0,0.0,0.0,0.0,0.0
Al-Baha,Al Bahah,2018,Inbound,4.0,71.0,47.0,17.0,11481.0,664.0
Al-Baha,Al Bahah,2019,Inbound,3.0,26.0,15.0,10.0,5732.0,572.0
Al-Baha,Al Bahah,2020,Inbound,1.0,11.0,8.0,8.0,6014.0,774.0
Al-Baha,Al Bahah,2021,Inbound,1.0,5.0,3.0,8.0,4747.0,595.0
Al-Baha,Al Bahah,2022,Inbound,4.0,41.0,9.0,10.0,2133.0,216.0
Al-Baha,Al Bahah,2023,Inbound,16.0,110.0,43.0,7.0,2664.0,393.0
Al-Baha,Al Bahah,2024,Inbound,8.0,54.0,22.0,7.0,2734.0,410.0
Al-Baha,Biljurashi,2015,Domestic,33.0,269.0,39.0,8.3,1210.0,146.0
Al-Baha,Biljurashi,2016,Domestic,27.0,276.0,35.0,10.4,1312.0,127.0
Al-Baha,Biljurashi,2017,Domestic,33.0,122.0,21.0,3.7,646.0,175.0
Al-Baha,Biljurashi,2018,Domestic,57.0,329.0,49.0,5.8,860.0,148.0
Al-Baha,Biljurashi,2019,Domestic,114.0,892.0,123.0,7.8,1076.0,138.0
Al-Baha,Biljurashi,2020,Domestic,131.0,1179.0,144.0,9.0,1099.0,122.0
Al-Baha,Biljurashi,2021,Domestic,276.0,2354.0,402.0,8.5,1455.0,171.0
Al-Baha,Biljurashi,2022,Domestic,100.0,744.0,107.0,7.4,1066.0,144.0
Al-Baha,Biljurashi,2023,Domestic,122.0,629.0,101.0,5.2,828.0,160.0
Al-Baha,Biljurashi,2024,Domestic,107.0,971.0,105.0,9.1,982.0,108.0
Al-Baha,Biljurashi,2015,Inbound,0.0,0.0,0.0,0.0,0.0,0.0
Al-Baha,Biljurashi,2016,Inbound,0.0,0.0,0.0,0.0,0.0,0.0
Al-Baha,Biljurashi,2017,Inbound,0.0,0.0,0.0,0.0,0.0,0.0
Al-Baha,Biljurashi,2018,Inbound,0.0,0.0,0.0,0.0,0.0,0.0
Al-Baha,Biljurashi,2019,Inbound,0.0,0.0,0.0,0.0,0.0,0.0
Al-Baha,Biljurashi,2020,Inbound,0.0,0.0,0.0,0.0,0.0,0.0
Al-Baha,Biljurashi,2021,Inbound,0.0,0.0,0.0,0.0,0.0,0.0
Al-Baha,Biljurashi,2022,Inbound,0.0,0.0,0.0,0.0,0.0,0.0
Al-Baha,Biljurashi,2023,Inbound,0.0,0.0,0.0,0.0,0.0,0.0
Al-Baha,Biljurashi,2024,Inbound,0.0,0.0,0.0,0.0,0.0,0.0
Al-Baha,Other Al-Baha,2015,Domestic,62.4,629.1,65.0,10.1,1037.0,103.0
Al-Baha,Other Al-Baha,2016,Domestic,49.3,307.0,47.0,6.2,950.0,152.0
Al-Baha,Other Al-Baha,2017,Domestic,38.0,275.0,39.0,7.3,1029.0,141.0
Al-Baha,Other Al-Baha,2018,Domestic,105.0,852.0,151.0,8.1,1438.0,178.0
Al-Baha,Other Al-Baha,2019,Domestic,117.0,1311.0,179.0,11.2,1530.0,136.0
Al-Baha,Other Al-Baha,2020,Domestic,156.1,1651.0,143.0,10.6,915.0,86.0
Al-Baha,Other Al-Baha,2021,Domestic,293.0,3018.0,424.0,10.3,1448.0,140.0
Al-Baha,Other Al-Baha,2022,Domestic,137.0,1256.0,144.0,9.2,1057.0,115.0
Al-Baha,Other Al-Baha,2023,Domestic,165.0,1097.0,134.0,6.7,813.0,122.0
Al-Baha,Other Al-Baha,2024,Domestic,229.0,2266.0,174.0,9.9,762.0,77.0
Al-Baha,Other Al-Baha,2015,Inbound,0.0,0.0,0.0,0.0,0.0,0.0
Al-Baha,Other Al-Baha,2016,Inbound,0.0,0.0,0.0,0.0,0.0,0.0
Al-Baha,Other Al-Baha,2017,Inbound,0.0,0.0,0.0,0.0,0.0,0.0
Al-Baha,Other Al-Baha,2018,Inbound,0.0,0.0,0.0,0.0,0.0,0.0
Al-Baha,Other Al-Baha,2019,Inbound,0.0,0.0,0.0,0.0,0.0,0.0
Al-Baha,Other Al-Baha,2020,Inbound,0.0,1.0,0.1,4.0,399.0,100.0
Al-Baha,Other Al-Baha,2021,Inbound,0.1,0.2,0.0,4.0,425.0,106.0
Al-Baha,Other Al-Baha,2022,Inbound,0.0,0.0,0.0,0.0,0.0,0.0
Al-Baha,Other Al-Baha,2023,Inbound,0.0,0.0,0.0,0.0,0.0,0.0
Al-Baha,Other Al-Baha,2024,Inbound,0.0,0.0,0.0,0.0,0.0,0.0
Al-Jouf,Al Qurayyat,2015,Domestic,57.0,197.0,29.0,3.5,513.0,148.0
Al-Jouf,Al Qurayyat,2016,Domestic,106.0,265.0,54.0,2.5,514.0,206.0
Al-Jouf,Al Qurayyat,2017,Domestic,86.0,358.0,65.0,4.2,760.0,183.0
Al-Jouf,Al Qurayyat,2018,Domestic,126.0,1013.0,279.0,8.0,2215.0,276.0
Al-Jouf,Al Qurayyat,2019,Domestic,162.0,1314.0,343.0,8.1,2119.0,261.0
Al-Jouf,Al Qurayyat,2020,Domestic,216.0,1332.0,315.0,6.2,1459.0,237.0
Al-Jouf,Al Qurayyat,2021,Domestic,220.0,1055.0,507.0,4.8,2309.0,481.0
Al-Jouf,Al Qurayyat,2022,Domestic,265.0,1404.0,829.0,5.3,3123.0,590.0
Al-Jouf,Al Qurayyat,2023,Domestic,338.0,3274.0,423.0,9.7,1250.0,129.0
Al-Jouf,Al Qurayyat,2024,Domestic,351.0,3524.0,468.0,10.1,1333.0,133.0
Al-Jouf,Al Qurayyat,2015,Inbound,6.0,26.0,17.0,4.1,2705.0,653.0
Al-Jouf,Al Qurayyat,2016,Inbound,23.0,220.0,97.0,9.8,4277.0,438.0
Al-Jouf,Al Qurayyat,2017,Inbound,30.0,204.0,133.0,6.9,4492.0,654.0
Al-Jouf,Al Qurayyat,2018,Inbound,31.0,244.0,141.0,7.8,4489.0,577.0
Al-Jouf,Al Qurayyat,2019,Inbound,10.0,52.0,40.0,5.1,3965.0,781.0
Al-Jouf,Al Qurayyat,2020,Inbound,9.0,80.0,50.0,9.1,5654.0,625.0
Al-Jouf,Al Qurayyat,2021,Inbound,4.0,50.0,28.0,11.4,6480.0,568.0
Al-Jouf,Al Qurayyat,2022,Inbound,28.0,689.0,117.0,24.5,4172.0,170.0
Al-Jouf,Al Qurayyat,2023,Inbound,110.0,1488.0,255.0,13.6,2324.0,171.0
Al-Jouf,Al Qurayyat,2024,Inbound,181.0,1571.0,327.0,8.7,1802.0,208.0
Al-Jouf,Other Al-Jouf,2015,Domestic,24.0,76.5,27.0,3.2,1107.0,347.0
Al-Jouf,Other Al-Jouf,2016,Domestic,6.0,12.0,5.0,2.1,905.0,434.0
Al-Jouf,Other Al-Jouf,2017,Domestic,28.0,72.0,23.0,2.5,826.0,325.0
Al-Jouf,Other Al-Jouf,2018,Domestic,18.0,73.0,18.0,4.1,1002.0,242.0
Al-Jouf,Other Al-Jouf,2019,Domestic,37.0,151.0,55.0,4.0,1473.0,366.0
Al-Jouf,Other Al-Jouf,2020,Domestic,49.4,190.0,63.0,3.9,1271.0,331.0
Al-Jouf,Other Al-Jouf,2021,Domestic,51.0,254.0,97.0,5.0,1906.0,383.0
Al-Jouf,Other Al-Jouf,2022,Domestic,71.0,314.0,83.0,4.4,1171.0,265.0
Al-Jouf,Other Al-Jouf,2023,Domestic,91.0,594.0,124.0,6.5,1356.0,208.0
Al-Jouf,Other Al-Jouf,2024,Domestic,92.0,1109.0,140.0,12.1,1526.0,126.0
Al-Jouf,Other Al-Jouf,2015,Inbound,0.1,0.4,1.0,4.0,5568.0,1392.0
Al-Jouf,Other Al-Jouf,2016,Inbound,0.2,1.0,1.0,4.0,3383.0,846.0
Al-Jouf,Other Al-Jouf,2017,Inbound,1.0,2.0,3.0,2.3,3095.0,1365.0
Al-Jouf,Other Al-Jouf,2018,Inbound,1.0,2.0,1.0,2.2,1544.0,698.0
Al-Jouf,Other Al-Jouf,2019,Inbound,1.0,2.0,2.0,1.9,2247.0,1159.0
Al-Jouf,Other Al-Jouf,2020,Inbound,0.2,3.0,1.0,11.9,6006.0,503.0
Al-Jouf,Other Al-Jouf,2021,Inbound,1.0,5.0,4.0,7.3,5853.0,807.0
Al-Jouf,Other Al-Jouf,2022,Inbound,1.0,43.0,7.0,49.5,7640.0,154.0
Al-Jouf,Other Al-Jouf,2023,Inbound,7.0,54.0,12.0,8.0,1715.0,214.0
Al-Jouf,Other Al-Jouf,2024,Inbound,10.0,92.0,16.0,9.7,1728.0,178.0
Al-Jouf,Sakaka,2015,Domestic,382.9,1241.4,187.0,3.2,488.0,151.0
Al-Jouf,Sakaka,2016,Domestic,213.7,1028.0,154.0,4.8,722.0,150.0
Al-Jouf,Sakaka,2017,Domestic,170.0,1197.0,160.0,7.0,938.0,133.0
Al-Jouf,Sakaka,2018,Domestic,249.0,1453.0,344.0,5.8,1378.0,236.0
Al-Jouf,Sakaka,2019,Domestic,325.0,1827.0,546.0,5.6,1680.0,299.0
Al-Jouf,Sakaka,2020,Domestic,513.0,2296.0,632.0,4.5,1232.0,275.0
Al-Jouf,Sakaka,2021,Domestic,578.0,3039.0,1014.0,5.3,1756.0,334.0
Al-Jouf,Sakaka,2022,Domestic,916.0,4223.0,1708.0,4.6,1865.0,405.0
Al-Jouf,Sakaka,2023,Domestic,709.0,4756.0,1136.0,6.7,1602.0,239.0
Al-Jouf,Sakaka,2024,Domestic,717.0,4955.0,964.0,6.9,1344.0,195.0
Al-Jouf,Sakaka,2015,Inbound,25.6,142.1,76.0,5.5,2957.0,533.0
Al-Jouf,Sakaka,2016,Inbound,24.2,188.0,99.0,7.8,4078.0,526.0
Al-Jouf,Sakaka,2017,Inbound,23.0,142.0,101.0,6.1,4361.0,715.0
Al-Jouf,Sakaka,2018,Inbound,26.0,167.0,100.0,6.5,3893.0,596.0
Al-Jouf,Sakaka,2019,Inbound,32.0,99.0,94.0,3.1,2908.0,953.0
Al-Jouf,Sakaka,2020,Inbound,9.0,32.0,31.0,3.5,3443.0,979.0
Al-Jouf,Sakaka,2021,Inbound,13.0,29.0,41.0,2.3,3213.0,1395.0
Al-Jouf,Sakaka,2022,Inbound,23.0,154.0,47.0,6.6,2002.0,305.0
Al-Jouf,Sakaka,2023,Inbound,80.0,801.0,171.0,10.0,2131.0,214.0
Al-Jouf,Sakaka,2024,Inbound,140.0,2797.0,425.0,20.0,3032.0,152.0
Al-Qassim,Buraydah,2015,Domestic,814.0,3170.0,745.0,3.9,915.0,235.0
Al-Qassim,Buraydah,2016,Domestic,563.0,2584.0,622.0,4.6,1105.0,241.0
Al-Qassim,Buraydah,2017,Domestic,648.0,2692.0,565.0,4.2,872.0,210.0
Al-Qassim,Buraydah,2018,Domestic,745.0,4509.0,935.0,6.1,1254.0,207.0
Al-Qassim,Buraydah,2019,Domestic,859.0,5211.0,1235.0,6.1,1437.0,237.0
Al-Qassim,Buraydah,2020,Domestic,935.0,4842.0,954.0,5.2,1020.0,197.0
Al-Qassim,Buraydah,2021,Domestic,1547.0,8122.0,1677.0,5.3,1084.0,206.0
Al-Qassim,Buraydah,2022,Domestic,2323.0,11155.0,2745.0,4.8,1182.0,246.0
Al-Qassim,Buraydah,2023,Domestic,3415.0,20399.0,4212.0,6.0,1234.0,206.0
Al-Qassim,Buraydah,2024,Domestic,3700.0,24517.0,4567.0,6.6,1234.0,186.0
Al-Qassim,Buraydah,2015,Inbound,16.0,79.0,63.0,5.1,4022.0,794.0
Al-Qassim,Buraydah,2016,Inbound,19.0,63.0,48.0,3.3,2531.0,763.0
Al-Qassim,Buraydah,2017,Inbound,21.0,70.0,64.0,3.4,3113.0,914.0
Al-Qassim,Buraydah,2018,Inbound,22.0,76.0,58.0,3.5,2660.0,767.0
Al-Qassim,Buraydah,2019,Inbound,29.0,95.0,85.0,3.3,2919.0,888.0
Al-Qassim,Buraydah,2020,Inbound,25.0,209.0,88.0,8.5,3580.0,422.0
Al-Qassim,Buraydah,2021,Inbound,46.0,371.0,216.0,8.0,4664.0,582.0
Al-Qassim,Buraydah,2022,Inbound,101.0,806.0,279.0,7.9,2752.0,346.0
Al-Qassim,Buraydah,2023,Inbound,86.0,589.0,191.0,6.9,2228.0,324.0
Al-Qassim,Buraydah,2024,Inbound,261.0,15949.0,1540.0,61.0,5889.0,97.0
Al-Qassim,Other Al-Qassim,2015,Domestic,40.1,168.9,18.0,4.2,453.0,107.0
Al-Qassim,Other Al-Qassim,2016,Domestic,34.4,164.0,25.0,4.8,724.0,152.0
Al-Qassim,Other Al-Qassim,2017,Domestic,63.0,240.0,38.0,3.8,609.0,160.0
Al-Qassim,Other Al-Qassim,2018,Domestic,116.0,603.0,140.0,5.2,1210.0,232.0
Al-Qassim,Other Al-Qassim,2019,Domestic,166.0,1101.0,197.0,6.6,1189.0,179.0
Al-Qassim,Other Al-Qassim,2020,Domestic,394.2,2460.0,289.0,6.2,734.0,118.0
Al-Qassim,Other Al-Qassim,2021,Domestic,1370.0,9180.0,1432.0,6.7,1045.0,156.0
Al-Qassim,Other Al-Qassim,2022,Domestic,858.0,4428.0,856.0,5.2,998.0,193.0
Al-Qassim,Other Al-Qassim,2023,Domestic,379.0,3182.0,462.0,8.4,1220.0,145.0
Al-Qassim,Other Al-Qassim,2024,Domestic,255.0,1848.0,233.0,7.2,914.0,126.0
Al-Qassim,Other Al-Qassim,2015,Inbound,7.3,23.9,15.0,3.3,2104.0,646.0
Al-Qassim,Other Al-Qassim,2016,Inbound,0.6,2.0,2.0,2.8,2429.0,866.0
Al-Qassim,Other Al-Qassim,2017,Inbound,7.0,22.0,17.0,3.1,2378.0,771.0
Al-Qassim,Other Al-Qassim,2018,Inbound,11.0,34.0,26.0,3.2,2438.0,771.0
Al-Qassim,Other Al-Qassim,2019,Inbound,16.0,49.0,37.0,3.0,2262.0,751.0
Al-Qassim,Other Al-Qassim,2020,Inbound,4.9,14.0,12.0,2.9,2423.0,843.0
Al-Qassim,Other Al-Qassim,2021,Inbound,2.0,6.0,4.0,3.7,2319.0,623.0
Al-Qassim,Other Al-Qassim,2022,Inbound,5.0,50.0,15.0,9.2,2671.0,292.0
Al-Qassim,Other Al-Qassim,2023,Inbound,2.0,8.0,2.0,4.2,1242.0,298.0
Al-Qassim,Other Al-Qassim,2024,Inbound,17.0,1146.0,90.0,66.9,5250.0,78.0
Al-Qassim,Rass,2015,Domestic,35.0,148.3,20.0,4.2,582.0,137.0
Al-Qassim,Rass,2016,Domestic,40.2,143.0,28.0,3.6,684.0,192.0
Al-Qassim,Rass,2017,Domestic,49.0,380.0,31.0,7.7,634.0,82.0
Al-Qassim,Rass,2018,Domestic,57.0,397.0,49.0,6.9,858.0,124.0
Al-Qassim,Rass,2019,Domestic,106.0,744.0,97.0,7.0,917.0,131.0
Al-Qassim,Rass,2020,Domestic,181.4,1119.0,128.0,6.2,705.0,114.0
Al-Qassim,Rass,2021,Domestic,431.0,2973.0,418.0,6.9,969.0,140.0
Al-Qassim,Rass,2022,Domestic,382.0,1735.0,375.0,4.5,982.0,216.0
Al-Qassim,Rass,2023,Domestic,177.0,1083.0,302.0,6.1,1712.0,279.0
Al-Qassim,Rass,2024,Domestic,264.0,1580.0,265.0,6.0,1006.0,168.0
Al-Qassim,Rass,2015,Inbound,3.0,12.7,9.0,4.3,2970.0,693.0
Al-Qassim,Rass,2016,Inbound,0.2,,,2.0,2092.0,1046.0
Al-Qassim,Rass,2017,Inbound,1.0,3.0,3.0,3.0,2453.0,820.0
Al-Qassim,Rass,2018,Inbound,2.0,6.0,5.0,3.1,2625.0,852.0
Al-Qassim,Rass,2019,Inbound,16.0,144.0,175.0,9.1,10973.0,1211.0
Al-Qassim,Rass,2020,Inbound,0.4,1.0,1.0,3.0,3038.0,1017.0
Al-Qassim,Rass,2021,Inbound,1.0,4.0,3.0,3.0,2067.0,680.0
Al-Qassim,Rass,2022,Inbound,15.0,366.0,73.0,24.3,4838.0,199.0
Al-Qassim,Rass,2023,Inbound,4.0,13.0,5.0,3.5,1277.0,368.0
Al-Qassim,Rass,2024,Inbound,12.0,783.0,55.0,66.6,4723.0,71.0
Al-Qassim,Unayzah,2015,Domestic,58.0,210.0,49.0,3.6,844.0,233.0
Al-Qassim,Unayzah,2016,Domestic,96.0,486.0,82.0,5.1,856.0,169.0
Al-Qassim,Unayzah,2017,Domestic,148.0,655.0,129.0,4.4,867.0,197.0
Al-Qassim,Unayzah,2018,Domestic,154.0,736.0,175.0,4.8,1139.0,238.0
Al-Qassim,Unayzah,2019,Domestic,313.0,1964.0,341.0,6.3,1089.0,174.0
Al-Qassim,Unayzah,2020,Domestic,527.0,2914.0,446.0,5.5,847.0,153.0
Al-Qassim,Unayzah,2021,Domestic,420.0,2448.0,351.0,5.8,835.0,143.0
Al-Qassim,Unayzah,2022,Domestic,491.0,2180.0,503.0,4.4,1024.0,231.0
Al-Qassim,Unayzah,2023,Domestic,595.0,2609.0,678.0,4.4,1140.0,260.0
Al-Qassim,Unayzah,2024,Domestic,654.0,3398.0,624.0,5.2,954.0,184.0
Al-Qassim,Unayzah,2015,Inbound,16.0,62.0,57.0,3.9,3537.0,907.0
Al-Qassim,Unayzah,2016,Inbound,14.0,49.0,39.0,3.5,2811.0,793.0
Al-Qassim,Unayzah,2017,Inbound,39.0,120.0,95.0,3.0,2410.0,792.0
Al-Qassim,Unayzah,2018,Inbound,41.0,128.0,100.0,3.2,2470.0,782.0
Al-Qassim,Unayzah,2019,Inbound,49.0,149.0,110.0,3.0,2253.0,741.0
Al-Qassim,Unayzah,2020,Inbound,8.0,25.0,20.0,3.0,2401.0,812.0
Al-Qassim,Unayzah,2021,Inbound,7.0,23.0,16.0,3.5,2380.0,678.0
Al-Qassim,Unayzah,2022,Inbound,80.0,678.0,270.0,8.5,3376.0,398.0
Al-Qassim,Unayzah,2023,Inbound,35.0,204.0,90.0,5.8,2583.0,442.0
Al-Qassim,Unayzah,2024,Inbound,27.0,969.0,80.0,35.8,2972.0,83.0
Aseer,Abha,2015,Domestic,3426.0,27804.0,4602.0,8.1,1343.0,166.0
Aseer,Abha,2016,Domestic,3009.0,24904.0,4770.0,8.3,1585.0,192.0
Aseer,Abha,2017,Domestic,3392.0,25196.0,3846.0,7.4,1134.0,153.0
Aseer,Abha,2018,Domestic,3336.0,25232.0,4048.0,7.6,1214.0,160.0
Aseer,Abha,2019,Domestic,3087.0,22993.0,4302.0,7.5,1394.0,187.0
Aseer,Abha,2020,Domestic,2361.0,16896.0,3309.0,7.2,1401.0,196.0
Aseer,Abha,2021,Domestic,1978.0,14722.0,3568.0,7.4,1804.0,242.0
Aseer,Abha,2022,Domestic,2308.0,15059.0,3414.0,6.5,1479.0,227.0
Aseer,Abha,2023,Domestic,2723.0,21211.0,3896.0,7.8,1431.0,184.0
Aseer,Abha,2024,Domestic,2857.0,20681.0,3731.0,7.2,1306.0,180.0
Aseer,Abha,2015,Inbound,41.0,440.0,335.0,10.6,8083.0,761.0
Aseer,Abha,2016,Inbound,3.0,22.0,12.0,7.2,3990.0,556.0
Aseer,Abha,2017,Inbound,,,,,,
Aseer,Abha,2018,Inbound,72.0,1909.0,218.0,26.7,3050.0,114.0
Aseer,Abha,2019,Inbound,15.0,358.0,114.0,23.5,7480.0,318.0
Aseer,Abha,2020,Inbound,9.0,109.0,30.0,12.0,3333.0,277.0
Aseer,Abha,2021,Inbound,14.0,223.0,64.0,15.7,4476.0,285.0
Aseer,Abha,2022,Inbound,44.0,665.0,146.0,15.1,3333.0,220.0
Aseer,Abha,2023,Inbound,84.0,843.0,274.0,10.0,3253.0,324.0
Aseer,Abha,2024,Inbound,92.0,970.0,281.0,10.5,3037.0,289.0
Aseer,Khamis Mushait,2015,Domestic,406.0,2051.0,741.0,5.1,1825.0,361.0
Aseer,Khamis Mushait,2016,Domestic,363.0,2322.0,522.0,6.4,1438.0,225.0
Aseer,Khamis Mushait,2017,Domestic,386.0,3475.0,493.0,9.0,1277.0,142.0
Aseer,Khamis Mushait,2018,Domestic,410.0,2737.0,542.0,6.7,1323.0,198.0
Aseer,Khamis Mushait,2019,Domestic,590.0,4599.0,654.0,7.8,1109.0,142.0
Aseer,Khamis Mushait,2020,Domestic,789.0,5408.0,645.0,6.9,817.0,119.0
Aseer,Khamis Mushait,2021,Domestic,979.0,7811.0,1615.0,8.0,1649.0,207.0
Aseer,Khamis Mushait,2022,Domestic,1179.0,8142.0,1329.0,6.9,1127.0,163.0
Aseer,Khamis Mushait,2023,Domestic,1442.0,14121.0,2193.0,9.8,1521.0,155.0
Aseer,Khamis Mushait,2024,Domestic,1467.0,13687.0,1806.0,9.3,1231.0,132.0
Aseer,Khamis Mushait,2015,Inbound,8.0,118.0,37.0,15.5,4824.0,312.0
Aseer,Khamis Mushait,2016,Inbound,,,,3.0,2950.0,983.0
Aseer,Khamis Mushait,2017,Inbound,,,,,,
Aseer,Khamis Mushait,2018,Inbound,2.0,23.0,3.0,9.3,1428.0,154.0
Aseer,Khamis Mushait,2019,Inbound,,,,7.7,3035.0,393.0
Aseer,Khamis Mushait,2020,Inbound,,,,3.0,1900.0,633.0
Aseer,Khamis Mushait,2021,Inbound,4.0,65.0,37.0,15.2,8658.0,569.0
Aseer,Khamis Mushait,2022,Inbound,19.0,676.0,168.0,35.5,8832.0,249.0
Aseer,Khamis Mushait,2023,Inbound,29.0,559.0,154.0,19.1,5243.0,275.0
Aseer,Khamis Mushait,2024,Inbound,25.0,716.0,113.0,28.2,4457.0,158.0
Aseer,Other Aseer,2015,Domestic,1259.2,6737.6,1139.0,5.4,905.0,169.0
Aseer,Other Aseer,2016,Domestic,1616.6,11768.0,2398.0,7.3,1484.0,204.0
Aseer,Other Aseer,2017,Domestic,1544.0,10123.0,1550.0,6.6,1004.0,153.0
Aseer,Other Aseer,2018,Domestic,1177.0,9385.0,1487.0,8.0,1263.0,158.0
Aseer,Other Aseer,2019,Domestic,1267.0,10441.0,1453.0,8.2,1147.0,139.0
Aseer,Other Aseer,2020,Domestic,1434.2,11249.0,1246.0,7.8,869.0,111.0
Aseer,Other Aseer,2021,Domestic,2311.0,20170.0,3000.0,8.7,1298.0,149.0
Aseer,Other Aseer,2022,Domestic,2484.0,15878.0,2325.0,6.4,936.0,146.0
Aseer,Other Aseer,2023,Domestic,2741.0,26073.0,3446.0,9.5,1257.0,132.0
Aseer,Other Aseer,2024,Domestic,3009.0,26842.0,3061.0,8.9,1017.0,114.0
Aseer,Other Aseer,2015,Inbound,10.2,283.9,131.0,27.9,12900.0,462.0
Aseer,Other Aseer,2016,Inbound,0.8,2.0,2.0,2.7,2621.0,969.0
Aseer,Other Aseer,2017,Inbound,1.0,7.0,4.0,8.0,4571.0,571.0
Aseer,Other Aseer,2018,Inbound,25.0,771.0,140.0,31.1,5640.0,181.0
Aseer,Other Aseer,2019,Inbound,8.0,248.0,54.0,29.3,6348.0,217.0
Aseer,Other Aseer,2020,Inbound,5.6,35.0,13.0,6.2,2291.0,371.0
Aseer,Other Aseer,2021,Inbound,2.0,24.0,5.0,13.2,2679.0,203.0
Aseer,Other Aseer,2022,Inbound,11.0,325.0,46.0,29.3,4150.0,142.0
Aseer,Other Aseer,2023,Inbound,74.0,1660.0,396.0,22.6,5385.0,238.0
Aseer,Other Aseer,2024,Inbound,40.0,1312.0,122.0,33.0,3067.0,93.0
Eastern Province,Al Ahsa,2015,Domestic,374.0,1247.0,208.0,3.3,557.0,167.0
Eastern Province,Al Ahsa,2016,Domestic,276.0,1185.0,212.0,4.3,770.0,179.0
Eastern Province,Al Ahsa,2017,Domestic,246.0,1209.0,143.0,4.9,581.0,119.0
Eastern Province,Al Ahsa,2018,Domestic,286.0,1664.0,246.0,5.8,860.0,148.0
Eastern Province,Al Ahsa,2019,Domestic,384.0,2750.0,441.0,7.2,1146.0,160.0
Eastern Province,Al Ahsa,2020,Domestic,587.0,4288.0,544.0,7.3,927.0,127.0
Eastern Province,Al Ahsa,2021,Domestic,2335.0,17489.0,5243.0,7.5,2245.0,300.0
Eastern Province,Al Ahsa,2022,Domestic,2748.0,13071.0,3126.0,4.8,1138.0,239.0
Eastern Province,Al Ahsa,2023,Domestic,2899.0,17960.0,3143.0,6.2,1084.0,175.0
Eastern Province,Al Ahsa,2024,Domestic,3002.0,16313.0,2885.0,5.4,961.0,177.0
Eastern Province,Al Ahsa,2015,Inbound,1004.0,8563.0,3783.0,8.5,3768.0,442.0
Eastern Province,Al Ahsa,2016,Inbound,648.0,1894.0,1448.0,2.9,2235.0,764.0
Eastern Province,Al Ahsa,2017,Inbound,356.0,930.0,605.0,2.6,1699.0,651.0
Eastern Province,Al Ahsa,2018,Inbound,284.0,794.0,389.0,2.8,1372.0,491.0
Eastern Province,Al Ahsa,2019,Inbound,314.0,909.0,455.0,2.9,1450.0,501.0
Eastern Province,Al Ahsa,2020,Inbound,103.0,363.0,157.0,3.5,1529.0,432.0
Eastern Province,Al Ahsa,2021,Inbound,160.0,491.0,158.0,3.1,987.0,323.0
Eastern Province,Al Ahsa,2022,Inbound,770.0,2888.0,901.0,3.8,1171.0,312.0
Eastern Province,Al Ahsa,2023,Inbound,1172.0,3722.0,1368.0,3.2,1167.0,367.0
Eastern Province,Al Ahsa,2024,Inbound,1033.0,2716.0,1347.0,2.6,1304.0,496.0
Eastern Province,Al Khobar,2015,Domestic,1101.0,4545.0,1104.0,4.1,1003.0,243.0
Eastern Province,Al Khobar,2016,Domestic,622.0,2884.0,765.0,4.6,1229.0,265.0
Eastern Province,Al Khobar,2017,Domestic,474.0,3773.0,554.0,8.0,1170.0,147.0
Eastern Province,Al Khobar,2018,Domestic,612.0,4167.0,718.0,6.8,1172.0,172.0
Eastern Province,Al Khobar,2019,Domestic,840.0,4003.0,983.0,4.8,1171.0,246.0
Eastern Province,Al Khobar,2020,Domestic,879.0,3325.0,719.0,3.8,818.0,216.0
Eastern Province,Al Khobar,2021,Domestic,1458.0,5690.0,1791.0,3.9,1228.0,315.0
Eastern Province,Al Khobar,2022,Domestic,1485.0,5042.0,1670.0,3.4,1125.0,331.0
Eastern Province,Al Khobar,2023,Domestic,1693.0,7418.0,2038.0,4.4,1204.0,275.0
Eastern Province,Al Khobar,2024,Domestic,1955.0,8267.0,2235.0,4.2,1143.0,270.0
Eastern Province,Al Khobar,2015,Inbound,772.0,9400.0,3416.0,12.2,4424.0,363.0
Eastern Province,Al Khobar,2016,Inbound,528.0,3402.0,1107.0,6.5,2099.0,326.0
Eastern Province,Al Khobar,2017,Inbound,236.0,604.0,402.0,2.6,1704.0,666.0
Eastern Province,Al Khobar,2018,Inbound,183.0,469.0,275.0,2.6,1502.0,587.0
Eastern Province,Al Khobar,2019,Inbound,308.0,1501.0,727.0,4.9,2361.0,485.0
Eastern Province,Al Khobar,2020,Inbound,201.0,1187.0,590.0,5.9,2939.0,497.0
Eastern Province,Al Khobar,2021,Inbound,321.0,1941.0,790.0,6.0,2460.0,407.0
Eastern Province,Al Khobar,2022,Inbound,1150.0,12066.0,5372.0,10.5,4669.0,445.0
Eastern Province,Al Khobar,2023,Inbound,1470.0,10942.0,4864.0,7.4,3308.0,445.0
Eastern Province,Al Khobar,2024,Inbound,1270.0,10570.0,3464.0,8.3,2727.0,328.0
Eastern Province,Dammam,2015,Domestic,3252.0,16049.0,3374.0,4.9,1037.0,210.0
Eastern Province,Dammam,2016,Domestic,2559.0,12398.0,3275.0,4.8,1280.0,264.0
Eastern Province,Dammam,2017,Domestic,2387.0,12425.0,2689.0,5.2,1127.0,216.0
Eastern Province,Dammam,2018,Domestic,2558.0,13735.0,2920.0,5.4,1141.0,213.0
Eastern Province,Dammam,2019,Domestic,2571.0,13796.0,3672.0,5.4,1428.0,266.0
Eastern Province,Dammam,2020,Domestic,1937.0,8419.0,2188.0,4.4,1130.0,260.0
Eastern Province,Dammam,2021,Domestic,2388.0,9303.0,3360.0,3.9,1407.0,361.0
Eastern Province,Dammam,2022,Domestic,3212.0,12865.0,3999.0,4.0,1245.0,311.0
Eastern Province,Dammam,2023,Domestic,4392.0,25443.0,6267.0,5.8,1427.0,246.0
Eastern Province,Dammam,2024,Domestic,4550.0,28878.0,6547.0,6.4,1439.0,227.0
Eastern Province,Dammam,2015,Inbound,1681.0,20697.0,6774.0,12.3,4030.0,327.0
Eastern Province,Dammam,2016,Inbound,1788.0,7407.0,4883.0,4.1,2731.0,659.0
Eastern Province,Dammam,2017,Inbound,1699.0,5686.0,5451.0,3.4,3209.0,959.0
Eastern Province,Dammam,2018,Inbound,1516.0,5217.0,5708.0,3.4,3765.0,1094.0
Eastern Province,Dammam,2019,Inbound,1618.0,6945.0,7477.0,4.3,4622.0,1077.0
Eastern Province,Dammam,2020,Inbound,398.0,1907.0,1602.0,4.8,4026.0,840.0
Eastern Province,Dammam,2021,Inbound,412.0,2596.0,1417.0,6.3,3440.0,546.0
Eastern Province,Dammam,2022,Inbound,1100.0,4776.0,1783.0,4.3,1620.0,373.0
Eastern Province,Dammam,2023,Inbound,1474.0,6951.0,3034.0,4.7,2058.0,437.0
Eastern Province,Dammam,2024,Inbound,1301.0,8205.0,2362.0,6.3,1815.0,288.0
Eastern Province,Other Eastern Province,2015,Domestic,558.2,2469.3,564.0,4.4,1010.0,228.0
Eastern Province,Other Eastern Province,2016,Domestic,394.0,1812.0,385.0,4.6,976.0,212.0
Eastern Province,Other Eastern Province,2017,Domestic,459.0,2725.0,407.0,5.9,885.0,149.0
Eastern Province,Other Eastern Province,2018,Domestic,636.0,4178.0,947.0,6.6,1488.0,227.0
Eastern Province,Other Eastern Province,2019,Domestic,718.0,4607.0,1122.0,6.4,1563.0,244.0
Eastern Province,Other Eastern Province,2020,Domestic,882.1,4831.0,923.0,5.5,1046.0,191.0
Eastern Province,Other Eastern Province,2021,Domestic,3091.0,17359.0,4245.0,5.6,1373.0,245.0
Eastern Province,Other Eastern Province,2022,Domestic,3695.0,16464.0,3888.0,4.5,1052.0,236.0
Eastern Province,Other Eastern Province,2023,Domestic,4473.0,32123.0,5344.0,7.2,1195.0,166.0
Eastern Province,Other Eastern Province,2024,Domestic,4138.0,28134.0,4755.0,6.8,1149.0,169.0
Eastern Province,Other Eastern Province,2015,Inbound,939.8,2709.3,1608.0,2.9,1711.0,593.0
Eastern Province,Other Eastern Province,2016,Inbound,967.2,2641.0,1542.0,2.7,1595.0,584.0
Eastern Province,Other Eastern Province,2017,Inbound,711.0,1792.0,1080.0,2.5,1518.0,602.0
Eastern Province,Other Eastern Province,2018,Inbound,616.0,1581.0,785.0,2.6,1276.0,497.0
Eastern Province,Other Eastern Province,2019,Inbound,660.0,1836.0,878.0,2.8,1329.0,478.0
Eastern Province,Other Eastern Province,2020,Inbound,219.2,753.0,395.0,3.4,1802.0,524.0
Eastern Province,Other Eastern Province,2021,Inbound,294.0,1288.0,541.0,4.4,1838.0,420.0
Eastern Province,Other Eastern Province,2022,Inbound,978.0,2949.0,1104.0,3.0,1129.0,374.0
Eastern Province,Other Eastern Province,2023,Inbound,1551.0,5154.0,1771.0,3.3,1142.0,344.0
Eastern Province,Other Eastern Province,2024,Inbound,1393.0,5198.0,1493.0,3.7,1072.0,287.0
Hail,Hail,2015,Domestic,632.0,4181.0,572.0,6.6,906.0,137.0
Hail,Hail,2016,Domestic,447.0,2569.0,432.0,5.7,966.0,168.0
Hail,Hail,2017,Domestic,435.0,2419.0,378.0,5.6,869.0,156.0
Hail,Hail,2018,Domestic,664.0,4163.0,714.0,6.3,1076.0,172.0
Hail,Hail,2019,Domestic,831.0,5770.0,928.0,6.9,1116.0,161.0
Hail,Hail,2020,Domestic,944.0,6447.0,885.0,6.8,937.0,137.0
Hail,Hail,2021,Domestic,1231.0,9165.0,1991.0,7.5,1617.0,217.0
Hail,Hail,2022,Domestic,1814.0,12179.0,3713.0,6.7,2047.0,305.0
Hail,Hail,2023,Domestic,1677.0,10958.0,2665.0,6.5,1589.0,243.0
Hail,Hail,2024,Domestic,1798.0,13233.0,2512.0,7.4,1397.0,190.0
Hail,Hail,2015,Inbound,44.0,121.0,104.0,2.8,2394.0,860.0
Hail,Hail,2016,Inbound,16.0,80.0,32.0,4.9,2003.0,405.0
Hail,Hail,2017,Inbound,11.0,43.0,30.0,4.0,2870.0,711.0
Hail,Hail,2018,Inbound,13.0,62.0,43.0,4.8,3276.0,689.0
Hail,Hail,2019,Inbound,15.0,45.0,37.0,3.1,2557.0,828.0
Hail,Hail,2020,Inbound,10.0,205.0,42.0,20.5,4160.0,203.0
Hail,Hail,2021,Inbound,90.0,2854.0,355.0,31.5,3927.0,124.0
Hail,Hail,2022,Inbound,136.0,5741.0,378.0,42.3,2786.0,66.0
Hail,Hail,2023,Inbound,358.0,17610.0,2273.0,49.2,6353.0,129.0
Hail,Hail,2024,Inbound,326.0,18860.0,1359.0,57.8,4167.0,72.0
Hail,Other Hail,2015,Domestic,40.0,126.0,22.0,3.1,557.0,177.0
Hail,Other Hail,2016,Domestic,8.0,15.0,1.0,2.0,171.0,86.0
Hail,Other Hail,2017,Domestic,30.0,65.0,10.0,2.2,329.0,150.0
Hail,Other Hail,2018,Domestic,127.0,507.0,68.0,4.0,533.0,133.0
Hail,Other Hail,2019,Domestic,142.0,766.0,92.0,5.4,648.0,120.0
Hail,Other Hail,2020,Domestic,216.0,1323.0,165.0,6.1,761.0,125.0
Hail,Other Hail,2021,Domestic,619.0,3773.0,677.0,6.1,1094.0,179.0
Hail,Other Hail,2022,Domestic,335.0,1608.0,295.0,4.8,880.0,183.0
Hail,Other Hail,2023,Domestic,159.0,1851.0,115.0,11.7,727.0,62.0
Hail,Other Hail,2024,Domestic,43.0,560.0,38.0,13.1,878.0,67.0
Hail,Other Hail,2015,Inbound,0.4,1.0,2.0,3.0,5961.0,1987.0
Hail,Other Hail,2016,Inbound,1.0,2.0,,3.0,338.0,113.0
Jazan,Jazan,2015,Domestic,1794.0,11057.0,1764.0,6.2,984.0,160.0
Jazan,Jazan,2016,Domestic,2028.0,12995.0,3000.0,6.4,1479.0,231.0
Jazan,Jazan,2017,Domestic,1508.0,9850.0,2009.0,6.5,1332.0,204.0
Jazan,Jazan,2018,Domestic,1724.0,11202.0,1986.0,6.5,1152.0,177.0
Jazan,Jazan,2019,Domestic,1635.0,10846.0,2014.0,6.6,1231.0,186.0
Jazan,Jazan,2020,Domestic,1084.0,7169.0,1049.0,6.6,968.0,146.0
Jazan,Jazan,2021,Domestic,821.0,5235.0,975.0,6.4,1187.0,186.0
Jazan,Jazan,2022,Domestic,1134.0,5761.0,1101.0,5.1,971.0,191.0
Jazan,Jazan,2023,Domestic,1160.0,6219.0,1346.0,5.4,1161.0,216.0
Jazan,Jazan,2024,Domestic,1048.0,5896.0,1233.0,5.6,1176.0,209.0
Jazan,Jazan,2015,Inbound,10.0,359.0,109.0,36.8,11195.0,304.0
Jazan,Jazan,2016,Inbound,,,,3.0,2775.0,925.0
Jazan,Jazan,2018,Inbound,4.0,138.0,56.0,32.0,13051.0,408.0
Jazan,Jazan,2019,Inbound,6.0,339.0,37.0,59.4,6406.0,108.0
Jazan,Jazan,2020,Inbound,1.0,31.0,9.0,22.4,6493.0,289.0
Jazan,Jazan,2021,Inbound,1.0,43.0,10.0,31.2,7679.0,246.0
Jazan,Jazan,2022,Inbound,15.0,922.0,100.0,62.8,6824.0,109.0
Jazan,Jazan,2023,Inbound,7.0,59.0,26.0,8.3,3579.0,434.0
Jazan,Jazan,2024,Inbound,13.0,552.0,53.0,42.2,4078.0,97.0
Jazan,Other Jazan,2015,Domestic,281.9,2414.0,288.0,8.6,1022.0,119.0
Jazan,Other Jazan,2016,Domestic,324.0,2258.0,388.0,7.0,1198.0,172.0
Jazan,Other Jazan,2017,Domestic,377.0,3070.0,371.0,8.0,984.0,121.0
Jazan,Other Jazan,2018,Domestic,515.0,3339.0,611.0,6.0,1188.0,183.0
Jazan,Other Jazan,2019,Domestic,716.0,4878.0,876.0,7.0,1223.0,180.0
Jazan,Other Jazan,2020,Domestic,970.0,5651.0,590.0,6.0,608.0,104.0
Jazan,Other Jazan,2021,Domestic,2457.0,20641.0,2798.0,8.0,1139.0,136.0
Jazan,Other Jazan,2022,Domestic,1354.0,7260.0,1238.0,5.0,915.0,171.0
Jazan,Other Jazan,2023,Domestic,1763.0,13461.0,2370.0,8.0,1344.0,176.0
Jazan,Other Jazan,2024,Domestic,1888.0,10944.0,1625.0,6.0,861.0,149.0
Jazan,Other Jazan,2015,Inbound,10.0,422.0,99.0,40.7,9552.0,235.0
Jazan,Other Jazan,2016,Inbound,0.1,,1.0,3.0,4840.0,1613.0
Jazan,Other Jazan,2017,Inbound,6.0,21.0,19.0,3.4,3032.0,891.0
Jazan,Other Jazan,2018,Inbound,8.0,181.0,34.0,22.0,4080.0,189.0
Jazan,Other Jazan,2019,Inbound,10.0,200.0,23.0,19.0,2188.0,113.0
Jazan,Other Jazan,2020,Inbound,7.0,107.0,19.0,15.0,2636.0,176.0
Jazan,Other Jazan,2021,Inbound,3.0,99.0,20.0,30.0,5988.0,200.0
Jazan,Other Jazan,2022,Inbound,21.0,1168.0,75.0,56.0,3590.0,64.0
Jazan,Other Jazan,2023,Inbound,8.0,61.0,20.0,8.0,2649.0,334.0
Jazan,Other Jazan,2024,Inbound,,1.0,,3.0,438.0,146.0
Madinah,AlUla,2015,Domestic,105.0,488.0,72.0,4.7,687.0,148.0
Madinah,AlUla,2016,Domestic,164.0,632.0,69.0,3.9,421.0,109.0
Madinah,AlUla,2017,Domestic,85.0,653.0,53.0,7.7,624.0,81.0
Madinah,AlUla,2018,Domestic,118.0,622.0,76.0,5.3,648.0,123.0
Madinah,AlUla,2019,Domestic,151.0,779.0,211.0,5.2,1393.0,270.0
Madinah,AlUla,2020,Domestic,317.0,1623.0,389.0,5.1,1225.0,240.0
Madinah,AlUla,2021,Domestic,251.0,1065.0,571.0,4.2,2275.0,536.0
Madinah,AlUla,2022,Domestic,279.0,1075.0,594.0,3.9,2128.0,552.0
Madinah,AlUla,2023,Domestic,372.0,1713.0,517.0,4.6,1387.0,302.0
Madinah,AlUla,2024,Domestic,456.0,1913.0,766.0,4.2,1680.0,400.0
Madinah,AlUla,2015,Inbound,2.0,9.0,12.0,4.5,5885.0,1298.0
Madinah,AlUla,2016,Inbound,,7.0,2.0,33.0,8029.0,243.0
Madinah,AlUla,2017,Inbound,2.0,6.0,5.0,3.0,2642.0,881.0
Madinah,AlUla,2018,Inbound,3.0,10.0,9.0,2.9,2641.0,899.0
Madinah,AlUla,2019,Inbound,7.0,24.0,22.0,3.5,3211.0,921.0
Madinah,AlUla,2020,Inbound,4.0,16.0,19.0,4.6,5348.0,1165.0
Madinah,AlUla,2021,Inbound,7.0,71.0,29.0,9.9,4080.0,411.0
Madinah,AlUla,2022,Inbound,50.0,667.0,334.0,13.3,6651.0,501.0
Madinah,AlUla,2023,Inbound,113.0,1027.0,463.0,9.1,4112.0,451.0
Madinah,AlUla,2024,Inbound,207.0,2224.0,1033.0,10.7,4988.0,465.0
Madinah,Madinah,2015,Domestic,5712.7,24633.9,3963.0,4.3,694.0,161.0
Madinah,Madinah,2016,Domestic,6116.5,26382.0,4560.0,4.3,746.0,173.0
Madinah,Madinah,2017,Domestic,5450.0,22585.0,4039.0,4.1,741.0,179.0
Madinah,Madinah,2018,Domestic,5030.0,21679.0,4188.0,4.3,833.0,193.0
Madinah,Madinah,2019,Domestic,5303.0,22531.0,4429.0,4.2,835.0,197.0
Madinah,Madinah,2020,Domestic,3301.2,14122.0,2937.0,4.3,890.0,208.0
Madinah,Madinah,2021,Domestic,3055.0,13018.0,3990.0,4.3,1306.0,307.0
Madinah,Madinah,2022,Domestic,4737.0,18340.0,5762.0,3.9,1216.0,314.0
Madinah,Madinah,2023,Domestic,4527.0,18842.0,4570.0,4.2,1009.0,243.0
Madinah,Madinah,2024,Domestic,5101.0,24188.0,5245.0,4.7,1028.0,217.0
Madinah,Madinah,2015,Inbound,299.6,4686.8,801.0,15.6,2672.0,171.0
Madinah,Madinah,2016,Inbound,319.6,6490.0,1209.0,20.3,3782.0,186.0
Madinah,Madinah,2017,Inbound,59.0,437.0,384.0,7.4,6485.0,879.0
Madinah,Madinah,2018,Inbound,33.0,243.0,124.0,7.3,3745.0,511.0
Madinah,Madinah,2019,Inbound,46.0,436.0,189.0,9.6,4149.0,434.0
Madinah,Madinah,2020,Inbound,7.5,62.0,26.0,8.3,3429.0,411.0
Madinah,Madinah,2021,Inbound,12.0,178.0,42.0,15.1,3527.0,234.0
Madinah,Madinah,2022,Inbound,69.0,1802.0,321.0,25.9,4623.0,178.0
Madinah,Madinah,2023,Inbound,186.0,3516.0,824.0,18.9,4431.0,234.0
Madinah,Madinah,2024,Inbound,175.0,3377.0,589.0,19.3,3358.0,174.0
Madinah,Other Madinah,2015,Domestic,79.1,406.4,49.0,5.1,621.0,121.0
Madinah,Other Madinah,2016,Domestic,61.3,195.0,22.0,3.2,351.0,110.0
Madinah,Other Madinah,2017,Domestic,66.0,385.0,56.0,5.8,844.0,145.0
Madinah,Other Madinah,2018,Domestic,60.0,392.0,97.0,6.5,1610.0,248.0
Madinah,Other Madinah,2019,Domestic,94.0,573.0,100.0,6.1,1065.0,174.0
Madinah,Other Madinah,2020,Domestic,138.1,710.0,77.0,5.1,561.0,109.0
Madinah,Other Madinah,2021,Domestic,292.0,1924.0,331.0,6.6,1132.0,172.0
Madinah,Other Madinah,2022,Domestic,493.0,2499.0,371.0,5.1,752.0,148.0
Madinah,Other Madinah,2023,Domestic,271.0,2759.0,271.0,10.2,1001.0,98.0
Madinah,Other Madinah,2024,Domestic,210.0,2073.0,374.0,9.9,1783.0,181.0
Madinah,Other Madinah,2015,Inbound,0.5,8.0,2.0,15.5,4197.0,271.0
Madinah,Other Madinah,2016,Inbound,0.2,,,3.0,1400.0,467.0
Madinah,Other Madinah,2017,Inbound,,1.0,1.0,3.0,2546.0,859.0
Madinah,Other Madinah,2018,Inbound,,1.0,1.0,3.0,2713.0,904.0
Madinah,Other Madinah,2019,Inbound,1.0,2.0,2.0,2.9,2138.0,746.0
Madinah,Other Madinah,2020,Inbound,0.1,,,3.6,2368.0,660.0
Madinah,Other Madinah,2021,Inbound,,1.0,,3.4,2356.0,698.0
Madinah,Other Madinah,2022,Inbound,1.0,6.0,2.0,9.2,2517.0,274.0
Madinah,Other Madinah,2023,Inbound,2.0,5.0,2.0,2.9,1505.0,510.0
Madinah,Other Madinah,2024,Inbound,,1.0,,4.3,733.0,173.0
Madinah,Yanbu,2015,Domestic,1464.0,4101.2,1021.0,2.8,697.0,249.0
Madinah,Yanbu,2016,Domestic,1537.5,3981.0,821.0,2.6,534.0,206.0
Madinah,Yanbu,2017,Domestic,1635.0,6032.0,1051.0,3.7,643.0,174.0
Madinah,Yanbu,2018,Domestic,1344.0,4898.0,967.0,3.6,720.0,197.0
Madinah,Yanbu,2019,Domestic,1696.0,5913.0,1158.0,3.5,683.0,196.0
Madinah,Yanbu,2020,Domestic,1854.0,5600.0,993.0,3.0,535.0,177.0
Madinah,Yanbu,2021,Domestic,766.0,2407.0,825.0,3.1,1076.0,343.0
Madinah,Yanbu,2022,Domestic,712.0,2567.0,846.0,3.6,1188.0,329.0
Madinah,Yanbu,2023,Domestic,833.0,4124.0,908.0,5.0,1090.0,220.0
Madinah,Yanbu,2024,Domestic,954.0,6470.0,1090.0,6.8,1142.0,168.0
Madinah,Yanbu,2015,Inbound,5.7,72.5,28.0,12.7,4891.0,384.0
Madinah,Yanbu,2016,Inbound,3.5,43.0,19.0,12.2,5287.0,434.0
Madinah,Yanbu,2017,Inbound,2.0,8.0,6.0,4.8,3637.0,755.0
Madinah,Yanbu,2018,Inbound,12.0,848.0,465.0,71.0,39009.0,549.0
Madinah,Yanbu,2019,Inbound,2.0,46.0,21.0,19.2,8749.0,456.0
Madinah,Yanbu,2020,Inbound,0.5,2.0,1.0,3.2,2606.0,824.0
Madinah,Yanbu,2021,Inbound,,3.0,1.0,12.9,4316.0,334.0
Madinah,Yanbu,2022,Inbound,1.0,9.0,5.0,16.5,9552.0,578.0
Madinah,Yanbu,2023,Inbound,21.0,119.0,48.0,5.7,2291.0,400.0
Madinah,Yanbu,2024,Inbound,56.0,2259.0,220.0,40.3,3928.0,97.0
Makkah,Jeddah,2015,Domestic,6823.0,41378.0,9288.0,6.1,1361.0,224.0
Makkah,Jeddah,2016,Domestic,7031.0,37357.0,10838.0,5.3,1541.0,290.0
Makkah,Jeddah,2017,Domestic,7218.0,35076.0,9697.0,4.9,1344.0,276.0
Makkah,Jeddah,2018,Domestic,6256.0,30622.0,7804.0,4.9,1247.0,255.0
Makkah,Jeddah,2019,Domestic,6006.0,33222.0,8472.0,5.5,1411.0,255.0
Makkah,Jeddah,2020,Domestic,3951.0,22596.0,5145.0,5.7,1302.0,228.0
Makkah,Jeddah,2021,Domestic,7418.0,37401.0,16292.0,5.0,2196.0,436.0
Makkah,Jeddah,2022,Domestic,8263.0,42353.0,15606.0,5.1,1889.0,368.0
Makkah,Jeddah,2023,Domestic,9532.0,47782.0,13982.0,5.0,1467.0,293.0
Makkah,Jeddah,2024,Domestic,9243.0,56910.0,14304.0,6.2,1548.0,251.0
Makkah,Jeddah,2015,Inbound,855.0,10563.0,4502.0,12.4,5268.0,426.0
Makkah,Jeddah,2016,Inbound,1324.0,26694.0,4663.0,20.2,3523.0,175.0
Makkah,Jeddah,2017,Inbound,993.0,19714.0,3431.0,19.9,3456.0,174.0
Makkah,Jeddah,2018,Inbound,705.0,10661.0,3079.0,15.1,4365.0,289.0
Makkah,Jeddah,2019,Inbound,768.0,9660.0,4878.0,12.6,6349.0,505.0
Makkah,Jeddah,2020,Inbound,78.0,663.0,238.0,8.5,3043.0,360.0
Makkah,Jeddah,2021,Inbound,366.0,2387.0,1077.0,6.5,2941.0,451.0
Makkah,Jeddah,2022,Inbound,1194.0,43452.0,10356.0,36.4,8670.0,238.0
Makkah,Jeddah,2023,Inbound,1555.0,41548.0,9284.0,26.7,5969.0,223.0
Makkah,Jeddah,2024,Inbound,2073.0,61594.0,11810.0,29.7,5697.0,192.0
Makkah,Makkah,2015,Domestic,7144.8,29242.0,6968.0,4.1,975.0,238.0
Makkah,Makkah,2016,Domestic,6780.1,26221.0,8339.0,3.9,1230.0,318.0
Makkah,Makkah,2017,Domestic,6920.0,25963.0,7719.0,3.8,1116.0,297.0
Makkah,Makkah,2018,Domestic,6611.0,25753.0,6962.0,3.9,1053.0,270.0
Makkah,Makkah,2019,Domestic,7058.0,28733.0,9082.0,4.1,1287.0,316.0
Makkah,Makkah,2020,Domestic,3575.0,13362.0,3329.0,3.7,931.0,249.0
Makkah,Makkah,2021,Domestic,5612.0,21092.0,9103.0,3.8,1622.0,432.0
Makkah,Makkah,2022,Domestic,8177.0,27859.0,9642.0,3.4,1179.0,346.0
Makkah,Makkah,2023,Domestic,7390.0,31254.0,10500.0,4.2,1421.0,336.0
Makkah,Makkah,2024,Domestic,8349.0,35442.0,11107.0,4.2,1330.0,313.0
Makkah,Makkah,2015,Inbound,8954.2,122160.5,48498.0,13.6,5416.0,397.0
Makkah,Makkah,2016,Inbound,8617.7,121362.0,56472.0,14.1,6553.0,465.0
Makkah,Makkah,2017,Inbound,9532.0,131463.0,72343.0,13.8,7589.0,550.0
Makkah,Makkah,2018,Inbound,9323.0,138973.0,68949.0,14.9,7395.0,496.0
Makkah,Makkah,2019,Inbound,10209.0,145051.0,70011.0,14.2,6858.0,483.0
Makkah,Makkah,2020,Inbound,1858.4,22097.0,11444.0,11.9,6158.0,518.0
Makkah,Makkah,2021,Inbound,318.0,3453.0,1872.0,10.8,5879.0,542.0
Makkah,Makkah,2022,Inbound,8193.0,145139.0,64013.0,17.7,7813.0,441.0
Makkah,Makkah,2023,Inbound,15378.0,274219.0,101977.0,17.8,6631.0,372.0
Makkah,Makkah,2024,Inbound,17448.0,368244.0,128810.0,21.1,7383.0,350.0
Makkah,Other Makkah,2015,Domestic,174.3,862.0,135.0,4.9,776.0,157.0
Makkah,Other Makkah,2016,Domestic,151.2,975.0,132.0,6.5,872.0,135.0
Makkah,Other Makkah,2017,Domestic,220.0,1099.0,184.0,5.0,837.0,168.0
Makkah,Other Makkah,2018,Domestic,260.0,1266.0,261.0,4.9,1002.0,206.0
Makkah,Other Makkah,2019,Domestic,450.0,2274.0,332.0,5.1,738.0,146.0
Makkah,Other Makkah,2020,Domestic,651.5,3428.0,347.0,5.3,532.0,101.0
Makkah,Other Makkah,2021,Domestic,2438.0,14089.0,2408.0,5.8,988.0,171.0
Makkah,Other Makkah,2022,Domestic,3136.0,15334.0,2384.0,4.9,760.0,156.0
Makkah,Other Makkah,2023,Domestic,1971.0,16147.0,1948.0,8.2,988.0,121.0
Makkah,Other Makkah,2024,Domestic,1785.0,17735.0,1642.0,9.9,920.0,93.0
Makkah,Other Makkah,2015,Inbound,10.4,204.3,92.0,19.6,8866.0,453.0
Makkah,Other Makkah,2016,Inbound,5.1,74.0,26.0,14.4,5121.0,355.0
Makkah,Other Makkah,2017,Inbound,2.0,16.0,3.0,10.5,2272.0,215.0
Makkah,Other Makkah,2018,Inbound,1.0,14.0,2.0,10.2,1528.0,150.0
Makkah,Other Makkah,2019,Inbound,8.0,57.0,42.0,7.4,5434.0,735.0
Makkah,Other Makkah,2020,Inbound,0.4,5.0,2.0,11.3,5558.0,491.0
Makkah,Other Makkah,2021,Inbound,1.0,14.0,5.0,13.4,4530.0,338.0
Makkah,Other Makkah,2022,Inbound,,6.0,1.0,33.8,5057.0,150.0
Makkah,Other Makkah,2023,Inbound,6.0,57.0,21.0,10.0,3731.0,375.0
Makkah,Other Makkah,2024,Inbound,1.0,69.0,11.0,57.2,9288.0,162.0
Makkah,Rabigh,2015,Domestic,43.8,157.2,23.0,3.6,528.0,147.0
Makkah,Rabigh,2016,Domestic,27.0,92.0,10.0,3.4,387.0,114.0
Makkah,Rabigh,2017,Domestic,77.0,166.0,27.0,2.2,351.0,162.0
Makkah,Rabigh,2018,Domestic,77.0,201.0,27.0,2.6,359.0,137.0
Makkah,Rabigh,2019,Domestic,109.0,469.0,60.0,4.3,550.0,127.0
Makkah,Rabigh,2020,Domestic,129.7,559.0,55.0,4.3,423.0,98.0
Makkah,Rabigh,2021,Domestic,319.0,1001.0,193.0,3.1,607.0,193.0
Makkah,Rabigh,2022,Domestic,341.0,1088.0,209.0,3.2,613.0,192.0
Makkah,Rabigh,2023,Domestic,398.0,1211.0,257.0,3.0,644.0,212.0
Makkah,Rabigh,2024,Domestic,459.0,2041.0,314.0,4.5,685.0,154.0
Makkah,Rabigh,2015,Inbound,1.1,13.9,5.0,13.2,4839.0,367.0
Makkah,Rabigh,2017,Inbound,0.8,9.0,5.0,12.0,6800.0,567.0
Makkah,Rabigh,2018,Inbound,1.0,9.0,1.0,12.0,1792.0,149.0
Makkah,Rabigh,2019,Inbound,1.0,12.0,6.0,15.5,7348.0,473.0
Makkah,Rabigh,2020,Inbound,1.0,5.0,2.0,8.0,2998.0,374.0
Makkah,Rabigh,2021,Inbound,0.4,5.0,2.0,12.6,4144.0,329.0
Makkah,Rabigh,2023,Inbound,,3.0,,41.3,4921.0,119.0
Makkah,Rabigh,2024,Inbound,,,,18.9,3616.0,191.0
Makkah,Taif,2015,Domestic,2379.0,13285.0,2434.0,5.6,1023.0,183.0
Makkah,Taif,2016,Domestic,2817.0,14384.0,2635.0,5.1,935.0,183.0
Makkah,Taif,2017,Domestic,2477.0,11296.0,1996.0,4.6,806.0,177.0
Makkah,Taif,2018,Domestic,2318.0,9975.0,1687.0,4.3,728.0,169.0
Makkah,Taif,2019,Domestic,2395.0,12569.0,2009.0,5.3,839.0,160.0
Makkah,Taif,2020,Domestic,1571.0,10387.0,1556.0,6.6,991.0,150.0
Makkah,Taif,2021,Domestic,2688.0,11672.0,3006.0,4.3,1118.0,258.0
Makkah,Taif,2022,Domestic,2747.0,12923.0,2807.0,4.7,1022.0,217.0
Makkah,Taif,2023,Domestic,3333.0,16738.0,3254.0,5.0,976.0,194.0
Makkah,Taif,2024,Domestic,3651.0,18487.0,3290.0,5.1,901.0,178.0
Makkah,Taif,2015,Inbound,42.0,529.0,300.0,12.6,7166.0,568.0
Makkah,Taif,2016,Inbound,3.0,27.0,14.0,8.6,4432.0,514.0
Makkah,Taif,2017,Inbound,6.0,77.0,30.0,13.7,5340.0,390.0
Makkah,Taif,2018,Inbound,6.0,77.0,11.0,13.4,1895.0,141.0
Makkah,Taif,2019,Inbound,3.0,49.0,11.0,18.2,3968.0,218.0
Makkah,Taif,2020,Inbound,4.0,16.0,7.0,4.1,1886.0,456.0
Makkah,Taif,2021,Inbound,3.0,32.0,8.0,12.4,3205.0,258.0
Makkah,Taif,2022,Inbound,25.0,214.0,76.0,8.7,3096.0,357.0
Makkah,Taif,2023,Inbound,75.0,573.0,205.0,7.6,2722.0,358.0
Makkah,Taif,2024,Inbound,49.0,889.0,139.0,18.3,2859.0,157.0
Najran,Najran,2015,Domestic,348.0,2285.0,362.0,6.6,1040.0,158.0
Najran,Najran,2016,Domestic,401.0,2727.0,575.0,6.8,1432.0,211.0
Najran,Najran,2017,Domestic,395.0,2797.0,413.0,7.1,1046.0,148.0
Najran,Najran,2018,Domestic,462.0,3901.0,571.0,8.4,1235.0,146.0
Najran,Najran,2019,Domestic,395.0,4368.0,592.0,11.1,1500.0,136.0
Najran,Najran,2020,Domestic,390.0,4278.0,493.0,11.0,1264.0,115.0
Najran,Najran,2021,Domestic,674.0,7126.0,1817.0,10.6,2695.0,255.0
Najran,Najran,2022,Domestic,947.0,7700.0,1744.0,8.1,1840.0,226.0
Najran,Najran,2023,Domestic,992.0,8735.0,1826.0,8.8,1841.0,209.0
Najran,Najran,2024,Domestic,1026.0,8907.0,1862.0,8.7,1815.0,209.0
Najran,Najran,2015,Inbound,7.0,59.0,37.0,7.9,5005.0,634.0
Najran,Najran,2016,Inbound,1.0,13.0,3.0,17.0,3711.0,218.0
Najran,Najran,2018,Inbound,13.0,195.0,45.0,15.5,3552.0,229.0
Najran,Najran,2019,Inbound,4.0,50.0,7.0,11.2,1672.0,149.0
Najran,Najran,2020,Inbound,7.0,156.0,67.0,22.7,9717.0,428.0
Najran,Najran,2021,Inbound,4.0,77.0,19.0,20.8,5041.0,243.0
Najran,Najran,2022,Inbound,7.0,99.0,21.0,14.2,2969.0,209.0
Najran,Najran,2023,Inbound,14.0,148.0,37.0,10.8,2694.0,249.0
Najran,Najran,2024,Inbound,9.0,239.0,18.0,25.4,1925.0,76.0
Najran,Other Najran,2015,Domestic,84.2,464.0,120.0,5.5,1428.0,259.0
Najran,Other Najran,2016,Domestic,126.0,608.0,108.0,4.8,858.0,178.0
Najran,Other Najran,2017,Domestic,205.0,1757.0,268.0,8.6,1307.0,153.0
Najran,Other Najran,2018,Domestic,159.0,1601.0,299.0,10.1,1874.0,187.0
Najran,Other Najran,2019,Domestic,170.0,1852.0,292.0,10.9,1724.0,158.0
Najran,Other Najran,2020,Domestic,222.1,1867.0,261.0,8.4,1173.0,140.0
Najran,Other Najran,2021,Domestic,190.0,1644.0,281.0,8.7,1485.0,171.0
Najran,Other Najran,2022,Domestic,162.0,1110.0,200.0,6.9,1232.0,180.0
Najran,Other Najran,2023,Domestic,169.0,1298.0,215.0,7.7,1276.0,166.0
Najran,Other Najran,2024,Domestic,233.0,2445.0,254.0,10.5,1088.0,104.0
Najran,Other Najran,2015,Inbound,7.0,17.0,25.0,2.5,3573.0,1438.0
Najran,Other Najran,2016,Inbound,0.7,3.4,2.0,5.0,2281.0,456.0
Najran,Other Najran,2018,Inbound,2.8,7.0,4.0,2.6,1377.0,537.0
Najran,Other Najran,2019,Inbound,2.0,10.0,3.0,4.7,1371.0,291.0
Najran,Other Najran,2020,Inbound,2.0,9.0,3.0,5.0,1415.0,285.0
Najran,Other Najran,2021,Inbound,,1.0,1.0,2.9,1738.0,603.0
Najran,Other Najran,2022,Inbound,0.1,,,3.0,3110.0,1037.0
Najran,Other Najran,2023,Inbound,4.0,15.0,5.0,4.1,1434.0,347.0
Najran,Other Najran,2024,Inbound,15.0,812.0,38.0,54.4,2551.0,47.0
Northern Borders,Arar,2015,Domestic,195.0,825.0,175.0,4.2,896.0,212.0
Northern Borders,Arar,2016,Domestic,154.0,858.0,180.0,5.6,1171.0,210.0
Northern Borders,Arar,2017,Domestic,148.0,1012.0,142.0,6.8,960.0,141.0
Northern Borders,Arar,2018,Domestic,177.0,1431.0,222.0,8.1,1254.0,155.0
Northern Borders,Arar,2019,Domestic,215.0,1469.0,338.0,6.9,1576.0,230.0
Northern Borders,Arar,2020,Domestic,404.0,2649.0,478.0,6.6,1183.0,181.0
Northern Borders,Arar,2021,Domestic,463.0,2991.0,897.0,6.5,1937.0,300.0
Northern Borders,Arar,2022,Domestic,582.0,2866.0,1288.0,4.9,2213.0,449.0
Northern Borders,Arar,2023,Domestic,563.0,3977.0,1258.0,7.1,2236.0,316.0
Northern Borders,Arar,2024,Domestic,626.0,4205.0,1232.0,6.7,1968.0,293.0
Northern Borders,Arar,2015,Inbound,830.0,971.0,759.0,1.2,915.0,782.0
Northern Borders,Arar,2016,Inbound,274.0,576.0,447.0,2.1,1629.0,776.0
Northern Borders,Arar,2017,Inbound,170.0,211.0,281.0,1.2,1652.0,1332.0
Northern Borders,Arar,2018,Inbound,164.0,210.0,249.0,1.3,1522.0,1186.0
Northern Borders,Arar,2019,Inbound,211.0,283.0,358.0,1.3,1695.0,1265.0
Northern Borders,Arar,2020,Inbound,55.0,69.0,100.0,1.3,1818.0,1446.0
Northern Borders,Arar,2021,Inbound,92.0,111.0,188.0,1.2,2043.0,1695.0
Northern Borders,Arar,2022,Inbound,384.0,722.0,308.0,1.9,801.0,427.0
Northern Borders,Arar,2023,Inbound,173.0,912.0,214.0,5.3,1237.0,234.0
Northern Borders,Arar,2024,Inbound,284.0,1332.0,484.0,4.7,1706.0,363.0
Northern Borders,Other Northern Borders,2015,Domestic,204.0,639.1,97.0,3.1,476.0,152.0
Northern Borders,Other Northern Borders,2016,Domestic,122.2,760.0,152.0,6.2,1246.0,200.0
Northern Borders,Other Northern Borders,2017,Domestic,54.0,248.0,40.0,4.6,745.0,162.0
Northern Borders,Other Northern Borders,2018,Domestic,86.0,522.0,107.0,6.1,1249.0,206.0
Northern Borders,Other Northern Borders,2019,Domestic,173.0,1091.0,291.0,6.3,1684.0,266.0
Northern Borders,Other Northern Borders,2020,Domestic,302.3,1977.0,392.0,6.5,1296.0,198.0
Northern Borders,Other Northern Borders,2021,Domestic,386.0,2619.0,904.0,6.8,2341.0,345.0
Northern Borders,Other Northern Borders,2022,Domestic,433.0,2411.0,1286.0,5.6,2972.0,533.0
Northern Borders,Other Northern Borders,2023,Domestic,508.0,3563.0,726.0,7.0,1430.0,204.0
Northern Borders,Other Northern Borders,2024,Domestic,463.0,4057.0,611.0,8.8,1318.0,151.0
Northern Borders,Other Northern Borders,2015,Inbound,60.7,152.6,108.0,2.5,1787.0,710.0
Northern Borders,Other Northern Borders,2016,Inbound,86.4,130.0,136.0,1.5,1576.0,1051.0
Northern Borders,Other Northern Borders,2017,Inbound,98.0,122.0,176.0,1.3,1804.0,1442.0
Northern Borders,Other Northern Borders,2018,Inbound,89.0,118.0,148.0,1.3,1656.0,1247.0
Northern Borders,Other Northern Borders,2019,Inbound,109.0,147.0,202.0,1.4,1854.0,1376.0
Northern Borders,Other Northern Borders,2020,Inbound,23.1,28.0,44.0,1.2,1912.0,1567.0
Northern Borders,Other Northern Borders,2021,Inbound,35.0,41.0,67.0,1.2,1944.0,1656.0
Northern Borders,Other Northern Borders,2022,Inbound,214.0,395.0,127.0,1.8,593.0,322.0
Northern Borders,Other Northern Borders,2023,Inbound,183.0,1172.0,322.0,6.4,1755.0,274.0
Northern Borders,Other Northern Borders,2024,Inbound,244.0,1528.0,716.0,6.3,2933.0,469.0
Riyadh,Other Riyadh,2015,Domestic,661.0,2656.0,336.0,4.0,509.0,127.0
Riyadh,Other Riyadh,2016,Domestic,310.0,1606.0,255.0,5.2,824.0,159.0
Riyadh,Other Riyadh,2017,Domestic,424.0,3305.0,403.0,7.8,950.0,122.0
Riyadh,Other Riyadh,2018,Domestic,518.0,3452.0,772.0,6.7,1490.0,224.0
Riyadh,Other Riyadh,2019,Domestic,891.0,5801.0,969.0,6.5,1087.0,167.0
Riyadh,Other Riyadh,2020,Domestic,1740.0,9609.0,973.0,5.5,559.0,101.0
Riyadh,Other Riyadh,2021,Domestic,3245.0,17840.0,3292.0,5.5,1014.0,185.0
Riyadh,Other Riyadh,2022,Domestic,5718.0,25592.0,4627.0,4.5,809.0,181.0
Riyadh,Other Riyadh,2023,Domestic,4005.0,29447.0,4915.0,7.4,1227.0,167.0
Riyadh,Other Riyadh,2024,Domestic,4881.0,31455.0,4339.0,6.4,889.0,138.0
Riyadh,Other Riyadh,2015,Inbound,104.0,312.0,166.0,3.0,1596.0,531.0
Riyadh,Other Riyadh,2016,Inbound,39.0,140.0,67.0,3.6,1724.0,483.0
Riyadh,Other Riyadh,2017,Inbound,55.0,206.0,124.0,3.8,2269.0,605.0
Riyadh,Other Riyadh,2018,Inbound,53.0,198.0,99.0,3.8,1870.0,498.0
Riyadh,Other Riyadh,2019,Inbound,70.0,234.0,155.0,3.3,2204.0,662.0
Riyadh,Other Riyadh,2020,Inbound,27.0,118.0,68.0,4.4,2570.0,579.0
Riyadh,Other Riyadh,2021,Inbound,38.0,302.0,120.0,7.9,3140.0,397.0
Riyadh,Other Riyadh,2022,Inbound,101.0,403.0,232.0,4.0,2308.0,575.0
Riyadh,Other Riyadh,2023,Inbound,236.0,4816.0,783.0,20.4,3311.0,163.0
Riyadh,Other Riyadh,2024,Inbound,162.0,2772.0,304.0,17.1,1881.0,110.0
Riyadh,Riyadh,2015,Domestic,4292.4,21961.3,5822.0,5.1,1356.0,265.0
Riyadh,Riyadh,2016,Domestic,4157.9,24590.0,7263.0,5.9,1747.0,295.0
Riyadh,Riyadh,2017,Domestic,3680.0,18827.0,4513.0,5.1,1226.0,240.0
Riyadh,Riyadh,2018,Domestic,3788.0,21041.0,5255.0,5.6,1387.0,250.0
Riyadh,Riyadh,2019,Domestic,5049.0,29725.0,9805.0,5.9,1942.0,330.0
Riyadh,Riyadh,2020,Domestic,5085.9,22345.0,6520.0,4.4,1282.0,292.0
Riyadh,Riyadh,2021,Domestic,8361.0,37599.0,17816.0,4.5,2131.0,474.0
Riyadh,Riyadh,2022,Domestic,10426.0,46438.0,20320.0,4.5,1949.0,438.0
Riyadh,Riyadh,2023,Domestic,12343.0,68917.0,23661.0,5.6,1917.0,343.0
Riyadh,Riyadh,2024,Domestic,12716.0,76116.0,25154.0,6.0,1978.0,330.0
Riyadh,Riyadh,2015,Inbound,1917.0,8327.1,9731.0,4.3,5076.0,1169.0
Riyadh,Riyadh,2016,Inbound,3203.3,14778.0,20671.0,4.6,6453.0,1399.0
Riyadh,Riyadh,2017,Inbound,1943.0,8716.0,12724.0,4.5,6548.0,1460.0
Riyadh,Riyadh,2018,Inbound,1958.0,9950.0,11923.0,5.1,6090.0,1198.0
Riyadh,Riyadh,2019,Inbound,2862.0,19485.0,16788.0,6.8,5865.0,862.0
Riyadh,Riyadh,2020,Inbound,1038.0,9319.0,4899.0,9.0,4719.0,526.0
Riyadh,Riyadh,2021,Inbound,1185.0,14557.0,7352.0,12.3,6203.0,505.0
Riyadh,Riyadh,2022,Inbound,1810.0,41553.0,11303.0,23.0,6245.0,272.0
Riyadh,Riyadh,2023,Inbound,2774.0,52163.0,11759.0,18.8,4240.0,225.0
Riyadh,Riyadh,2024,Inbound,2699.0,37845.0,10269.0,14.0,3805.0,271.0
Tabuk,Al Wajh,2015,Domestic,30.3,102.5,38.0,3.4,1262.0,373.0
Tabuk,Al Wajh,2016,Domestic,56.8,227.0,53.0,4.0,941.0,236.0
Tabuk,Al Wajh,2017,Domestic,54.0,453.0,49.0,8.4,917.0,109.0
Tabuk,Al Wajh,2018,Domestic,60.0,453.0,57.0,7.5,951.0,126.0
Tabuk,Al Wajh,2019,Domestic,78.0,579.0,99.0,7.5,1277.0,171.0
Tabuk,Al Wajh,2020,Domestic,99.2,649.0,97.0,6.6,982.0,150.0
Tabuk,Al Wajh,2021,Domestic,130.0,690.0,219.0,5.3,1680.0,317.0
Tabuk,Al Wajh,2022,Domestic,146.0,764.0,265.0,5.2,1822.0,348.0
Tabuk,Al Wajh,2023,Domestic,189.0,1798.0,182.0,9.5,959.0,101.0
Tabuk,Al Wajh,2024,Domestic,207.0,1926.0,216.0,9.3,1039.0,112.0
Tabuk,Al Wajh,2016,Inbound,1.2,3.4,3.0,2.7,2273.0,831.0
Tabuk,Al Wajh,2019,Inbound,0.4,2.0,2.0,5.0,5050.0,1010.0
Tabuk,Al Wajh,2022,Inbound,,4.0,2.0,9.0,3350.0,372.0
Tabuk,Al Wajh,2023,Inbound,3.0,24.0,10.0,8.4,3535.0,423.0
Tabuk,Al Wajh,2024,Inbound,2.0,104.0,16.0,42.2,6607.0,157.0
Tabuk,Duba,2015,Domestic,43.0,190.0,42.0,4.4,975.0,220.0
Tabuk,Duba,2016,Domestic,99.0,265.0,55.0,2.7,555.0,207.0
Tabuk,Duba,2017,Domestic,69.0,233.0,61.0,3.4,892.0,263.0
Tabuk,Duba,2018,Domestic,108.0,446.0,114.0,4.1,1052.0,255.0
Tabuk,Duba,2019,Domestic,148.0,832.0,266.0,5.6,1790.0,320.0
Tabuk,Duba,2020,Domestic,230.0,1149.0,344.0,5.0,1498.0,299.0
Tabuk,Duba,2021,Domestic,181.0,799.0,427.0,4.4,2359.0,534.0
Tabuk,Duba,2022,Domestic,220.0,916.0,516.0,4.2,2350.0,563.0
Tabuk,Duba,2023,Domestic,294.0,953.0,196.0,3.2,667.0,206.0
Tabuk,Duba,2024,Domestic,311.0,1188.0,181.0,3.8,582.0,152.0
Tabuk,Duba,2015,Inbound,10.4,55.0,37.0,5.3,3551.0,675.0
Tabuk,Duba,2016,Inbound,14.0,60.0,34.0,4.1,2319.0,562.0
Tabuk,Duba,2017,Inbound,9.0,27.0,24.0,3.1,2773.0,887.0
Tabuk,Duba,2018,Inbound,11.0,63.0,18.0,5.5,1587.0,287.0
Tabuk,Duba,2019,Inbound,9.0,60.0,20.0,6.4,2186.0,342.0
Tabuk,Duba,2020,Inbound,3.0,46.0,21.0,14.8,6830.0,463.0
Tabuk,Duba,2021,Inbound,2.0,7.0,9.0,3.2,3768.0,1181.0
Tabuk,Duba,2022,Inbound,2.0,20.0,6.0,8.9,2843.0,320.0
Tabuk,Duba,2023,Inbound,12.0,110.0,32.0,9.5,2775.0,293.0
Tabuk,Duba,2024,Inbound,11.0,293.0,85.0,26.3,7659.0,291.0
Tabuk,Other Tabuk,2015,Domestic,334.0,1162.0,203.0,3.5,606.0,174.0
Tabuk,Other Tabuk,2016,Domestic,178.0,818.0,169.0,4.6,949.0,206.0
Tabuk,Other Tabuk,2017,Domestic,173.0,662.0,142.0,3.8,816.0,214.0
Tabuk,Other Tabuk,2018,Domestic,200.0,708.0,149.0,3.5,742.0,210.0
Tabuk,Other Tabuk,2019,Domestic,355.0,1558.0,533.0,4.4,1503.0,342.0
Tabuk,Other Tabuk,2020,Domestic,686.0,3521.0,1046.0,5.1,1525.0,297.0
Tabuk,Other Tabuk,2021,Domestic,392.0,1843.0,935.0,4.7,2383.0,507.0
Tabuk,Other Tabuk,2022,Domestic,397.0,1762.0,1186.0,4.4,2983.0,673.0
Tabuk,Other Tabuk,2023,Domestic,462.0,3448.0,282.0,7.5,609.0,82.0
Tabuk,Other Tabuk,2024,Domestic,477.0,2854.0,308.0,6.0,644.0,108.0
Tabuk,Other Tabuk,2015,Inbound,48.0,100.0,64.0,2.1,1331.0,640.0
Tabuk,Other Tabuk,2016,Inbound,13.0,90.0,31.0,7.1,2433.0,343.0
Tabuk,Other Tabuk,2017,Inbound,7.0,24.0,17.0,3.5,2436.0,696.0
Tabuk,Other Tabuk,2018,Inbound,6.0,21.0,10.0,3.6,1841.0,507.0
Tabuk,Other Tabuk,2019,Inbound,3.0,11.0,6.0,3.5,1902.0,551.0
Tabuk,Other Tabuk,2020,Inbound,1.0,6.0,3.0,8.3,4153.0,501.0
Tabuk,Other Tabuk,2021,Inbound,,1.0,1.0,7.8,4745.0,611.0
Tabuk,Other Tabuk,2022,Inbound,,1.0,,9.0,5255.0,584.0
Tabuk,Other Tabuk,2023,Inbound,11.0,82.0,23.0,7.8,2145.0,277.0
Tabuk,Other Tabuk,2024,Inbound,9.0,131.0,20.0,14.1,2194.0,155.0
Tabuk,Tabuk,2015,Domestic,648.0,2957.5,610.0,4.6,941.0,206.0
Tabuk,Tabuk,2016,Domestic,725.2,3362.0,653.0,4.6,900.0,194.0
Tabuk,Tabuk,2017,Domestic,861.0,4394.0,709.0,5.1,823.0,161.0
Tabuk,Tabuk,2018,Domestic,793.0,4706.0,811.0,5.9,1023.0,172.0
Tabuk,Tabuk,2019,Domestic,773.0,5166.0,1045.0,6.7,1352.0,202.0
Tabuk,Tabuk,2020,Domestic,927.9,5636.0,1169.0,6.1,1260.0,207.0
Tabuk,Tabuk,2021,Domestic,1407.0,8265.0,2460.0,5.9,1749.0,298.0
Tabuk,Tabuk,2022,Domestic,1675.0,9761.0,3097.0,5.8,1849.0,317.0
Tabuk,Tabuk,2023,Domestic,1654.0,10881.0,3330.0,6.6,2013.0,306.0
Tabuk,Tabuk,2024,Domestic,1843.0,13440.0,3795.0,7.3,2059.0,282.0
Tabuk,Tabuk,2015,Inbound,240.0,1322.0,653.0,5.5,2725.0,494.0
Tabuk,Tabuk,2016,Inbound,106.0,760.0,312.0,7.2,2949.0,410.0
Tabuk,Tabuk,2017,Inbound,89.0,351.0,214.0,3.9,2404.0,611.0
Tabuk,Tabuk,2018,Inbound,93.0,456.0,209.0,4.9,2252.0,459.0
Tabuk,Tabuk,2019,Inbound,99.0,420.0,272.0,4.3,2752.0,646.0
Tabuk,Tabuk,2020,Inbound,17.7,134.1,86.0,7.6,4882.0,643.0
Tabuk,Tabuk,2021,Inbound,12.8,78.0,77.0,6.1,6061.0,988.0
Tabuk,Tabuk,2022,Inbound,83.0,1229.0,296.0,14.9,3578.0,241.0
Tabuk,Tabuk,2023,Inbound,106.0,910.0,259.0,8.6,2446.0,284.0
Tabuk,Tabuk,2024,Inbound,126.0,3866.0,753.0,30.7,5978.0,195.0
Tabuk,Umluj,2015,Domestic,109.0,357.0,87.0,3.3,804.0,245.0
Tabuk,Umluj,2016,Domestic,91.0,264.0,70.0,2.9,766.0,265.0
Tabuk,Umluj,2017,Domestic,72.0,223.0,47.0,3.1,658.0,212.0
Tabuk,Umluj,2018,Domestic,85.0,495.0,87.0,5.8,1032.0,177.0
Tabuk,Umluj,2019,Domestic,87.0,470.0,107.0,5.4,1229.0,228.0
Tabuk,Umluj,2020,Domestic,100.0,721.0,108.0,7.2,1084.0,150.0
Tabuk,Umluj,2021,Domestic,178.0,1076.0,246.0,6.0,1379.0,229.0
Tabuk,Umluj,2022,Domestic,172.0,861.0,314.0,5.0,1825.0,365.0
Tabuk,Umluj,2023,Domestic,217.0,1385.0,212.0,6.4,980.0,153.0
Tabuk,Umluj,2024,Domestic,252.0,2054.0,381.0,8.2,1511.0,185.0
Tabuk,Umluj,2018,Inbound,0.3,2.0,1.0,5.3,2744.0,516.0
Tabuk,Umluj,2019,Inbound,,1.0,,4.3,1838.0,430.0
Tabuk,Umluj,2021,Inbound,22.0,334.0,135.0,15.0,6050.0,403.0
Tabuk,Umluj,2022,Inbound,1.0,5.0,2.0,6.4,2025.0,319.0
Tabuk,Umluj,2023,Inbound,7.0,51.0,17.0,7.2,2438.0,340.0
Tabuk,Umluj,2024,Inbound,5.0,186.0,58.0,35.2,10882.0,309.0
