region,year,tourism_type,tourists_thousands,overnight_stays_thousands,spending_sar_millions,avg_stay_nights,avg_spending_per_trip_sar,avg_spending_per_night_sar
Al-Baha,2015,Domestic,1041.0,8807.0,1120.0,8.5,1075.0,127.0
Al-Baha,2016,Domestic,1223.0,9707.0,1350.0,7.9,1104.0,139.0
Al-Baha,2017,Domestic,1106.0,7126.0,1028.0,6.4,929.0,144.0
Al-Baha,2018,Domestic,1235.0,8864.0,1380.0,7.2,1118.0,156.0
Al-Baha,2019,Domestic,1462.0,11016.0,1666.0,7.5,1140.0,151.0
Al-Baha,2020,Domestic,1532.0,11590.0,1545.0,7.6,1009.0,133.0
Al-Baha,2021,Domestic,1100.0,8743.0,1411.0,7.9,1283.0,161.0
Al-Baha,2022,Domestic,1021.0,6623.0,1000.0,6.5,980.0,151.0
Al-Baha,2023,Domestic,1071.0,7633.0,1237.0,7.1,1155.0,162.0
Al-Baha,2024,Domestic,1127.0,10346.0,1123.0,9.2,997.0,109.0
Al-Baha,2015,Inbound,6.0,59.0,43.0,10.0,7029.0,727.0
Al-Baha,2016,Inbound,1.0,2.0,0.4,3.0,720.0,240.0
Al-Baha,2017,Inbound,0.0,0.0,0.0,0.0,0.0,0.0
Al-Baha,2018,Inbound,4.0,71.0,47.0,17.0,11481.0,664.0
Al-Baha,2019,Inbound,3.0,26.0,15.0,10.0,5732.0,572.0
Al-Baha,2020,Inbound,2.0,12.0,8.0,7.0,4906.0,698.0
Al-Baha,2021,Inbound,1.0,5.0,3.0,8.0,4416.0,576.0
Al-Baha,2022,Inbound,4.0,41.0,9.0,10.0,2133.0,216.0
Al-Baha,2023,Inbound,16.0,110.0,43.0,7.0,2664.0,393.0
Al-Baha,2024,Inbound,8.0,54.0,22.0,7.0,2734.0,410.0
Al-Jouf,2015,Domestic,464.0,1515.0,242.0,3.3,523.0,160.0
Al-Jouf,2016,Domestic,326.0,1305.0,214.0,4.0,658.0,164.0
Al-Jouf,2017,Domestic,284.0,1626.0,248.0,5.7,873.0,153.0
Al-Jouf,2018,Domestic,393.0,2540.0,641.0,6.5,1629.0,252.0
Al-Jouf,2019,Domestic,524.0,3291.0,944.0,6.3,1801.0,287.0
Al-Jouf,2020,Domestic,779.0,3818.0,1010.0,4.9,1298.0,265.0
Al-Jouf,2021,Domestic,848.0,4347.0,1619.0,5.1,1908.0,372.0
Al-Jouf,2022,Domestic,1253.0,5941.0,2621.0,4.7,2092.0,441.0
Al-Jouf,2023,Domestic,1139.0,8625.0,1683.0,7.6,1478.0,195.0
Al-Jouf,2024,Domestic,1159.0,9587.0,1571.0,8.3,1355.0,164.0
Al-Jouf,2015,Inbound,32.0,168.0,93.0,5.3,2917.0,554.0
Al-Jouf,2016,Inbound,47.0,409.0,196.0,8.7,4171.0,479.0
Al-Jouf,2017,Inbound,54.0,348.0,238.0,6.5,4408.0,684.0
Al-Jouf,2018,Inbound,58.0,413.0,242.0,7.1,4178.0,585.0
Al-Jouf,2019,Inbound,43.0,152.0,136.0,3.5,3144.0,896.0
Al-Jouf,2020,Inbound,18.0,115.0,83.0,6.3,4557.0,720.0
Al-Jouf,2021,Inbound,18.0,84.0,73.0,4.7,4113.0,871.0
Al-Jouf,2022,Inbound,52.0,887.0,171.0,16.9,3259.0,193.0
Al-Jouf,2023,Inbound,197.0,2343.0,438.0,11.9,2224.0,187.0
Al-Jouf,2024,Inbound,331.0,4461.0,768.0,13.5,2320.0,172.0
Al-Qassim,2015,Domestic,947.0,3697.0,832.0,3.9,879.0,225.0
Al-Qassim,2016,Domestic,734.0,3377.0,757.0,4.6,1032.0,224.0
Al-Qassim,2017,Domestic,908.0,3967.0,763.0,4.4,840.0,192.0
Al-Qassim,2018,Domestic,1072.0,6246.0,1299.0,5.8,1212.0,208.0
Al-Qassim,2019,Domestic,1445.0,9020.0,1871.0,6.2,1295.0,207.0
Al-Qassim,2020,Domestic,2038.0,11335.0,1818.0,5.6,892.0,160.0
Al-Qassim,2021,Domestic,3768.0,22722.0,3877.0,6.0,1029.0,171.0
Al-Qassim,2022,Domestic,4054.0,19498.0,4479.0,4.8,1105.0,230.0
Al-Qassim,2023,Domestic,4565.0,27272.0,5654.0,6.0,1239.0,207.0
Al-Qassim,2024,Domestic,4872.0,31343.0,5690.0,6.4,1168.0,182.0
Al-Qassim,2015,Inbound,42.0,178.0,144.0,4.2,3427.0,807.0
Al-Qassim,2016,Inbound,34.0,114.0,89.0,3.4,2642.0,778.0
Al-Qassim,2017,Inbound,68.0,215.0,179.0,3.2,2621.0,830.0
Al-Qassim,2018,Inbound,75.0,244.0,190.0,3.2,2524.0,777.0
Al-Qassim,2019,Inbound,110.0,437.0,406.0,4.0,3690.0,929.0
Al-Qassim,2020,Inbound,39.0,250.0,122.0,6.5,3167.0,488.0
Al-Qassim,2021,Inbound,56.0,405.0,239.0,7.2,4253.0,589.0
Al-Qassim,2022,Inbound,202.0,1899.0,636.0,9.4,3153.0,335.0
Al-Qassim,2023,Inbound,126.0,814.0,288.0,6.4,2284.0,354.0
Al-Qassim,2024,Inbound,317.0,18848.0,1765.0,59.4,5562.0,94.0
Aseer,2015,Domestic,5092.0,36593.0,6482.0,7.2,1273.0,177.0
Aseer,2016,Domestic,4988.0,38995.0,7690.0,7.8,1542.0,197.0
Aseer,2017,Domestic,5322.0,38794.0,5889.0,7.3,1106.0,152.0
Aseer,2018,Domestic,4923.0,37355.0,6077.0,7.6,1235.0,163.0
Aseer,2019,Domestic,4943.0,38034.0,6409.0,7.7,1296.0,169.0
Aseer,2020,Domestic,4585.0,33554.0,5201.0,7.3,1134.0,155.0
Aseer,2021,Domestic,5269.0,42703.0,8183.0,8.1,1553.0,192.0
Aseer,2022,Domestic,5971.0,39079.0,7068.0,6.5,1184.0,181.0
Aseer,2023,Domestic,6906.0,61405.0,9535.0,8.9,1381.0,155.0
Aseer,2024,Domestic,7334.0,61211.0,8599.0,8.4,1172.0,140.0
Aseer,2015,Inbound,59.0,842.0,503.0,14.2,8489.0,597.0
Aseer,2016,Inbound,4.0,24.0,14.0,6.1,3675.0,600.0
Aseer,2017,Inbound,1.0,7.0,4.0,8.0,4571.0,571.0
Aseer,2018,Inbound,99.0,2703.0,362.0,27.4,3660.0,134.0
Aseer,2019,Inbound,24.0,607.0,168.0,25.6,7070.0,277.0
Aseer,2020,Inbound,15.0,143.0,43.0,9.8,2933.0,300.0
Aseer,2021,Inbound,20.0,312.0,105.0,15.4,5193.0,338.0
Aseer,2022,Inbound,74.0,1666.0,361.0,22.5,4869.0,216.0
Aseer,2023,Inbound,187.0,3063.0,823.0,16.4,4404.0,269.0
Aseer,2024,Inbound,158.0,2997.0,516.0,19.0,3273.0,172.0
Eastern Province,2015,Domestic,5285.0,24311.0,5250.0,4.6,993.0,216.0
Eastern Province,2016,Domestic,3851.0,18280.0,4636.0,4.8,1204.0,254.0
Eastern Province,2017,Domestic,3567.0,20131.0,3794.0,5.6,1064.0,188.0
Eastern Province,2018,Domestic,4093.0,23744.0,4830.0,5.8,1180.0,203.0
Eastern Province,2019,Domestic,4514.0,25155.0,6218.0,5.6,1378.0,247.0
Eastern Province,2020,Domestic,4284.0,20863.0,4374.0,4.9,1021.0,210.0
Eastern Province,2021,Domestic,9273.0,49840.0,14639.0,5.4,1579.0,294.0
Eastern Province,2022,Domestic,11139.0,47441.0,12683.0,4.3,1139.0,267.0
Eastern Province,2023,Domestic,13457.0,82944.0,16792.0,6.2,1248.0,202.0
Eastern Province,2024,Domestic,13644.0,81591.0,16422.0,6.0,1204.0,201.0
Eastern Province,2015,Inbound,4397.0,41369.0,15580.0,9.4,3543.0,377.0
Eastern Province,2016,Inbound,3930.0,15342.0,8980.0,3.9,2285.0,585.0
Eastern Province,2017,Inbound,3002.0,9013.0,7539.0,3.0,2511.0,836.0
Eastern Province,2018,Inbound,2599.0,8062.0,7158.0,3.1,2754.0,888.0
Eastern Province,2019,Inbound,2900.0,11190.0,9537.0,3.9,3289.0,852.0
Eastern Province,2020,Inbound,921.0,4210.0,2744.0,4.6,2981.0,652.0
Eastern Province,2021,Inbound,1188.0,6315.0,2906.0,5.3,2447.0,460.0
Eastern Province,2022,Inbound,3998.0,22678.0,9160.0,5.7,2291.0,404.0
Eastern Province,2023,Inbound,5667.0,26769.0,11037.0,4.7,1948.0,412.0
Eastern Province,2024,Inbound,4998.0,26689.0,8666.0,5.3,1734.0,325.0
Hail,2015,Domestic,672.0,4307.0,595.0,6.4,885.0,138.0
Hail,2016,Domestic,455.0,2584.0,433.0,5.7,952.0,168.0
Hail,2017,Domestic,465.0,2484.0,388.0,5.3,835.0,156.0
Hail,2018,Domestic,791.0,4671.0,782.0,5.9,989.0,167.0
Hail,2019,Domestic,973.0,6536.0,1020.0,6.7,1048.0,156.0
Hail,2020,Domestic,1160.0,7770.0,1050.0,6.7,905.0,135.0
Hail,2021,Domestic,1850.0,12938.0,2668.0,7.0,1442.0,206.0
Hail,2022,Domestic,2149.0,13786.0,4008.0,6.4,1865.0,291.0
Hail,2023,Domestic,1836.0,12808.0,2780.0,7.0,1514.0,217.0
Hail,2024,Domestic,1841.0,13792.0,2550.0,7.5,1385.0,185.0
Hail,2015,Inbound,44.0,122.0,107.0,2.8,2426.0,871.0
Hail,2016,Inbound,17.0,82.0,33.0,4.9,1945.0,399.0
Hail,2017,Inbound,11.0,43.0,30.0,4.0,2870.0,711.0
Hail,2018,Inbound,13.0,62.0,43.0,4.8,3276.0,689.0
Hail,2019,Inbound,15.0,45.0,37.0,3.1,2557.0,828.0
Hail,2020,Inbound,10.0,205.0,42.0,20.5,4160.0,203.0
Hail,2021,Inbound,90.0,2854.0,355.0,31.5,3927.0,124.0
Hail,2022,Inbound,136.0,5741.0,378.0,42.3,2786.0,66.0
Hail,2023,Inbound,358.0,17610.0,2273.0,49.2,6353.0,129.0
Hail,2024,Inbound,326.0,18860.0,1359.0,57.8,4167.0,72.0
Jazan,2015,Domestic,2076.0,13471.0,2052.0,6.5,989.0,152.0
Jazan,2016,Domestic,2352.0,15253.0,3389.0,6.5,1441.0,222.0
Jazan,2017,Domestic,1885.0,12919.0,2380.0,6.9,1262.0,184.0
Jazan,2018,Domestic,2238.0,14540.0,2598.0,6.5,1161.0,179.0
Jazan,2019,Domestic,2352.0,15724.0,2890.0,6.7,1229.0,184.0
Jazan,2020,Domestic,2053.0,12820.0,1639.0,6.2,798.0,128.0
Jazan,2021,Domestic,3278.0,25875.0,3773.0,7.9,1151.0,146.0
Jazan,2022,Domestic,2488.0,13021.0,2339.0,5.2,940.0,180.0
Jazan,2023,Domestic,2923.0,19679.0,3716.0,6.7,1271.0,189.0
Jazan,2024,Domestic,2936.0,16840.0,2858.0,5.7,973.0,170.0
Jazan,2015,Inbound,20.0,782.0,208.0,38.8,10348.0,267.0
Jazan,2016,Inbound,,1.0,1.0,3.0,3968.0,1323.0
Jazan,2017,Inbound,6.0,21.0,19.0,3.4,3032.0,891.0
Jazan,2018,Inbound,13.0,319.0,90.0,25.1,7130.0,284.0
Jazan,2019,Inbound,16.0,539.0,59.0,33.6,3689.0,110.0
Jazan,2020,Inbound,9.0,138.0,28.0,16.2,3262.0,202.0
Jazan,2021,Inbound,5.0,142.0,30.0,30.3,6482.0,214.0
Jazan,2022,Inbound,35.0,2090.0,175.0,58.9,4928.0,84.0
Jazan,2023,Inbound,15.0,120.0,46.0,8.1,3097.0,383.0
Jazan,2024,Inbound,13.0,553.0,53.0,41.5,4007.0,97.0
Madinah,2015,Domestic,7361.0,29629.0,5105.0,4.0,694.0,172.0
Madinah,2016,Domestic,7879.0,31190.0,5472.0,4.0,695.0,175.0
Madinah,2017,Domestic,7236.0,29655.0,5200.0,4.1,719.0,175.0
Madinah,2018,Domestic,6552.0,27591.0,5329.0,4.2,813.0,193.0
Madinah,2019,Domestic,7243.0,29797.0,5897.0,4.1,814.0,198.0
Madinah,2020,Domestic,5611.0,22054.0,4396.0,3.9,783.0,199.0
Madinah,2021,Domestic,4365.0,18415.0,5717.0,4.2,1310.0,310.0
Madinah,2022,Domestic,6221.0,24481.0,7572.0,3.9,1217.0,309.0
Madinah,2023,Domestic,6003.0,27438.0,6265.0,4.6,1044.0,228.0
Madinah,2024,Domestic,6721.0,34644.0,7475.0,5.2,1112.0,216.0
Madinah,2015,Inbound,308.0,4776.0,843.0,15.5,2737.0,176.0
Madinah,2016,Inbound,324.0,6541.0,1229.0,20.2,3800.0,188.0
Madinah,2017,Inbound,63.0,452.0,396.0,7.1,6264.0,877.0
Madinah,2018,Inbound,49.0,1101.0,599.0,22.6,12319.0,544.0
Madinah,2019,Inbound,56.0,508.0,234.0,9.1,4205.0,460.0
Madinah,2020,Inbound,12.0,80.0,46.0,6.9,3966.0,573.0
Madinah,2021,Inbound,19.0,253.0,72.0,13.0,3732.0,286.0
Madinah,2022,Inbound,121.0,2484.0,662.0,20.6,5477.0,266.0
Madinah,2023,Inbound,321.0,4667.0,1337.0,14.5,4166.0,287.0
Madinah,2024,Inbound,439.0,7860.0,1842.0,17.9,4199.0,234.0
Makkah,2015,Domestic,16565.0,84924.0,18848.0,5.1,1138.0,222.0
Makkah,2016,Domestic,16807.0,79029.0,21954.0,4.7,1306.0,278.0
Makkah,2017,Domestic,16911.0,73599.0,19624.0,4.4,1160.0,267.0
Makkah,2018,Domestic,15522.0,67817.0,16741.0,4.4,1079.0,247.0
Makkah,2019,Domestic,16017.0,77267.0,19954.0,4.8,1246.0,258.0
Makkah,2020,Domestic,9878.0,50333.0,10433.0,5.1,1056.0,207.0
Makkah,2021,Domestic,18476.0,85256.0,31003.0,4.6,1678.0,364.0
Makkah,2022,Domestic,22663.0,99556.0,30647.0,4.4,1352.0,308.0
Makkah,2023,Domestic,22625.0,113134.0,29941.0,5.0,1323.0,265.0
Makkah,2024,Domestic,23487.0,130615.0,30657.0,5.6,1305.0,235.0
Makkah,2015,Inbound,9862.0,133471.0,53398.0,13.5,5414.0,400.0
Makkah,2016,Inbound,9950.0,148157.0,61175.0,14.9,6148.0,413.0
Makkah,2017,Inbound,10533.0,151280.0,75812.0,14.4,7198.0,501.0
Makkah,2018,Inbound,10036.0,149734.0,72042.0,14.9,7178.0,481.0
Makkah,2019,Inbound,10989.0,154829.0,74948.0,14.1,6820.0,484.0
Makkah,2020,Inbound,1942.0,22785.0,11694.0,11.7,6023.0,513.0
Makkah,2021,Inbound,689.0,5892.0,2964.0,8.6,4303.0,503.0
Makkah,2022,Inbound,9412.0,188811.0,74445.0,20.1,7909.0,394.0
Makkah,2023,Inbound,17015.0,316400.0,111487.0,18.6,6552.0,352.0
Makkah,2024,Inbound,19570.0,430796.0,140770.0,22.0,7193.0,327.0
Najran,2015,Domestic,432.0,2749.0,482.0,6.4,1116.0,175.0
Najran,2016,Domestic,527.0,3335.0,683.0,6.3,1295.0,205.0
Najran,2017,Domestic,600.0,4554.0,681.0,7.6,1135.0,150.0
Najran,2018,Domestic,622.0,5502.0,870.0,8.9,1399.0,158.0
Najran,2019,Domestic,564.0,6220.0,884.0,11.0,1567.0,142.0
Najran,2020,Domestic,612.0,6145.0,753.0,10.1,1231.0,123.0
Najran,2021,Domestic,864.0,8770.0,2098.0,10.2,2430.0,239.0
Najran,2022,Domestic,1110.0,8810.0,1943.0,7.9,1751.0,221.0
Najran,2023,Domestic,1160.0,10033.0,2041.0,8.7,1759.0,203.0
Najran,2024,Domestic,1259.0,11352.0,2115.0,9.0,1680.0,186.0
Najran,2015,Inbound,14.0,76.0,62.0,5.3,4312.0,817.0
Najran,2016,Inbound,1.0,17.0,4.0,11.4,3045.0,267.0
Najran,2018,Inbound,15.0,202.0,48.0,13.2,3155.0,240.0
Najran,2019,Inbound,7.0,59.0,10.0,9.1,1576.0,172.0
Najran,2020,Inbound,9.0,165.0,69.0,18.9,7951.0,420.0
Najran,2021,Inbound,4.0,78.0,19.0,19.2,4743.0,248.0
Najran,2022,Inbound,7.0,100.0,21.0,14.0,2972.0,212.0
Najran,2023,Inbound,17.0,164.0,42.0,9.4,2427.0,258.0
Najran,2024,Inbound,24.0,1051.0,56.0,43.2,2309.0,53.0
Northern Borders,2015,Domestic,399.0,1464.0,272.0,3.7,682.0,186.0
Northern Borders,2016,Domestic,276.0,1618.0,333.0,5.9,1204.0,206.0
Northern Borders,2017,Domestic,202.0,1260.0,183.0,6.2,903.0,145.0
Northern Borders,2018,Domestic,263.0,1953.0,329.0,7.4,1252.0,169.0
Northern Borders,2019,Domestic,387.0,2560.0,629.0,6.6,1624.0,246.0
Northern Borders,2020,Domestic,707.0,4626.0,870.0,6.6,1231.0,188.0
Northern Borders,2021,Domestic,850.0,5610.0,1802.0,6.6,2121.0,321.0
Northern Borders,2022,Domestic,1015.0,5276.0,2574.0,5.2,2537.0,488.0
Northern Borders,2023,Domestic,1070.0,7540.0,1984.0,7.0,1853.0,263.0
Northern Borders,2024,Domestic,1090.0,8262.0,1843.0,7.6,1692.0,223.0
Northern Borders,2015,Inbound,890.0,1123.0,867.0,1.3,974.0,772.0
Northern Borders,2016,Inbound,361.0,705.0,583.0,2.0,1616.0,826.0
Northern Borders,2017,Inbound,268.0,333.0,457.0,1.2,1707.0,1372.0
Northern Borders,2018,Inbound,253.0,328.0,397.0,1.3,1569.0,1208.0
Northern Borders,2019,Inbound,320.0,430.0,560.0,1.3,1749.0,1303.0
Northern Borders,2020,Inbound,78.0,97.0,144.0,1.3,1846.0,1481.0
Northern Borders,2021,Inbound,126.0,151.0,255.0,1.2,2016.0,1685.0
Northern Borders,2022,Inbound,598.0,1116.0,435.0,1.9,727.0,390.0
Northern Borders,2023,Inbound,356.0,2084.0,536.0,5.9,1503.0,257.0
Northern Borders,2024,Inbound,528.0,2860.0,1200.0,5.4,2273.0,420.0
Riyadh,2015,Domestic,4953.0,24617.0,6158.0,5.0,1243.0,250.0
Riyadh,2016,Domestic,4468.0,26196.0,7518.0,5.9,1683.0,287.0
Riyadh,2017,Domestic,4105.0,22132.0,4916.0,5.4,1198.0,222.0
Riyadh,2018,Domestic,4306.0,24493.0,6028.0,5.7,1400.0,246.0
Riyadh,2019,Domestic,5940.0,35526.0,10774.0,6.0,1814.0,303.0
Riyadh,2020,Domestic,6825.0,31954.0,7493.0,4.7,1098.0,234.0
Riyadh,2021,Domestic,11606.0,55439.0,21108.0,4.8,1819.0,381.0
Riyadh,2022,Domestic,16144.0,72030.0,24947.0,4.5,1545.0,346.0
Riyadh,2023,Domestic,16348.0,98364.0,28576.0,6.0,1748.0,291.0
Riyadh,2024,Domestic,17597.0,107571.0,29493.0,6.1,1676.0,274.0
Riyadh,2015,Inbound,2021.0,8639.0,9897.0,4.3,4897.0,1146.0
Riyadh,2016,Inbound,3242.0,14918.0,20739.0,4.6,6396.0,1390.0
Riyadh,2017,Inbound,1998.0,8922.0,12849.0,4.5,6430.0,1440.0
Riyadh,2018,Inbound,2010.0,10147.0,12021.0,5.1,5980.0,1185.0
Riyadh,2019,Inbound,2933.0,19719.0,16943.0,6.7,5777.0,859.0
Riyadh,2020,Inbound,1065.0,9437.0,4967.0,8.9,4666.0,526.0
Riyadh,2021,Inbound,1223.0,14859.0,7472.0,12.2,6107.0,503.0
Riyadh,2022,Inbound,1911.0,41957.0,11535.0,22.0,6037.0,275.0
Riyadh,2023,Inbound,3010.0,56979.0,12542.0,18.9,4167.0,220.0
Riyadh,2024,Inbound,2861.0,40617.0,10574.0,14.2,3696.0,260.0
Tabuk,2015,Domestic,1164.0,4769.0,980.0,4.1,842.0,206.0
Tabuk,2016,Domestic,1150.0,4936.0,1000.0,4.3,869.0,203.0
Tabuk,2017,Domestic,1228.0,5965.0,1008.0,4.9,821.0,169.0
Tabuk,2018,Domestic,1246.0,6807.0,1218.0,5.5,977.0,179.0
Tabuk,2019,Domestic,1441.0,8605.0,2050.0,6.0,1423.0,238.0
Tabuk,2020,Domestic,2043.0,11677.0,2765.0,5.7,1354.0,237.0
Tabuk,2021,Domestic,2288.0,12673.0,4286.0,5.5,1873.0,338.0
Tabuk,2022,Domestic,2610.0,14063.0,5378.0,5.4,2061.0,382.0
Tabuk,2023,Domestic,2817.0,18465.0,4202.0,6.6,1491.0,228.0
Tabuk,2024,Domestic,3090.0,21462.0,4880.0,6.9,1579.0,227.0
Tabuk,2015,Inbound,298.0,1477.0,754.0,5.0,2529.0,511.0
Tabuk,2016,Inbound,134.0,914.0,379.0,6.8,2826.0,415.0
Tabuk,2017,Inbound,105.0,403.0,255.0,3.8,2437.0,635.0
Tabuk,2018,Inbound,110.0,542.0,239.0,4.9,2163.0,441.0
Tabuk,2019,Inbound,112.0,494.0,301.0,4.4,2688.0,609.0
Tabuk,2020,Inbound,21.0,186.0,110.0,8.7,5138.0,594.0
Tabuk,2021,Inbound,38.0,421.0,222.0,11.2,5907.0,526.0
Tabuk,2022,Inbound,86.0,1259.0,306.0,14.6,3545.0,243.0
Tabuk,2023,Inbound,138.0,1177.0,341.0,8.5,2472.0,290.0
Tabuk,2024,Inbound,154.0,4581.0,932.0,29.7,6050.0,203.0
